집계월,시도,시군구,나이,1종소계,2종소계,2종 원자
2024-12-31,서울,서울 강남,16,0,6,6
2024-12-31,서울,서울 강남,17,0,23,23
2024-12-31,서울,서울 강남,18,81,243,11
2024-12-31,서울,서울 강남,19,282,1062,8
2024-12-31,서울,서울 강남,20,461,1828,9
2024-12-31,서울,서울 강남,21,563,2227,13
2024-12-31,서울,서울 강남,22,646,2201,5
2024-12-31,서울,서울 강남,23,714,2833,8
2024-12-31,서울,서울 강남,24,865,3748,7
2024-12-31,서울,서울 강남,25,890,3763,14
2024-12-31,서울,서울 강남,26,1233,4259,10
2024-12-31,서울,서울 강남,27,1345,4649,14
2024-12-31,서울,서울 강남,28,1665,4961,19
2024-12-31,서울,서울 강남,29,1890,5064,10
2024-12-31,서울,서울 강남,30,2172,5365,13
2024-12-31,서울,서울 강남,31,2323,5233,13
2024-12-31,서울,서울 강남,32,2525,5098,13
2024-12-31,서울,서울 강남,33,2619,5022,9
2024-12-31,서울,서울 강남,34,2535,4604,12
2024-12-31,서울,서울 강남,35,2452,4611,11
2024-12-31,서울,서울 강남,36,2584,4551,7
2024-12-31,서울,서울 강남,37,2594,4420,11
2024-12-31,서울,서울 강남,38,2856,4388,11
2024-12-31,서울,서울 강남,39,3160,4452,11
2024-12-31,서울,서울 강남,40,3340,4525,9
2024-12-31,서울,서울 강남,41,4025,5017,10
2024-12-31,서울,서울 강남,42,4359,5464,13
2024-12-31,서울,서울 강남,43,4627,5604,9
2024-12-31,서울,서울 강남,44,4759,5741,17
2024-12-31,서울,서울 강남,45,4836,6114,13
2024-12-31,서울,서울 강남,46,4361,5074,7
2024-12-31,서울,서울 강남,47,4745,5528,9
2024-12-31,서울,서울 강남,48,4700,5355,6
2024-12-31,서울,서울 강남,49,4758,5100,9
2024-12-31,서울,서울 강남,50,4915,5095,13
2024-12-31,서울,서울 강남,51,4770,5147,9
2024-12-31,서울,서울 강남,52,4933,5054,13
2024-12-31,서울,서울 강남,53,4977,4974,12
2024-12-31,서울,서울 강남,54,4688,4566,16
2024-12-31,서울,서울 강남,55,4561,4356,8
2024-12-31,서울,서울 강남,56,4042,3796,17
2024-12-31,서울,서울 강남,57,3787,3532,16
2024-12-31,서울,서울 강남,58,3180,2850,13
2024-12-31,서울,서울 강남,59,3465,3338,12
2024-12-31,서울,서울 강남,60,3362,3328,10
2024-12-31,서울,서울 강남,61,3127,3106,13
2024-12-31,서울,서울 강남,62,3085,2937,15
2024-12-31,서울,서울 강남,63,3095,3009,9
2024-12-31,서울,서울 강남,64,3179,2944,12
2024-12-31,서울,서울 강남,65,2989,2853,7
2024-12-31,서울,서울 강남,66,2800,2856,13
2024-12-31,서울,서울 강남,67,2918,2937,11
2024-12-31,서울,서울 강남,68,2569,2793,14
2024-12-31,서울,서울 강남,69,2597,2926,8
2024-12-31,서울,서울 강남,70,2239,2390,7
2024-12-31,서울,서울 강남,71,1952,2337,4
2024-12-31,서울,서울 강남,72,1988,2479,7
2024-12-31,서울,서울 강남,73,1173,1521,10
2024-12-31,서울,서울 강남,74,1240,1738,7
2024-12-31,서울,서울 강남,75,1172,1791,4
2024-12-31,서울,서울 강남,76,1129,1614,2
2024-12-31,서울,서울 강남,77,925,1526,5
2024-12-31,서울,서울 강남,78,672,1347,2
2024-12-31,서울,서울 강남,79,512,1026,4
2024-12-31,서울,서울 강남,80,432,914,3
2024-12-31,서울,서울 강남,81,331,716,3
2024-12-31,서울,서울 강남,82,327,754,2
2024-12-31,서울,서울 강남,83,208,598,4
2024-12-31,서울,서울 강남,84,158,460,2
2024-12-31,서울,서울 강남,85,120,371,3
2024-12-31,서울,서울 강남,86,78,280,1
2024-12-31,서울,서울 강남,87,69,209,0
2024-12-31,서울,서울 강남,88,49,166,1
2024-12-31,서울,서울 강남,89,27,133,0
2024-12-31,서울,서울 강남,90,9,78,0
2024-12-31,서울,서울 강남,91,17,59,0
2024-12-31,서울,서울 강남,92,12,53,0
2024-12-31,서울,서울 강남,93,8,33,0
2024-12-31,서울,서울 강남,94,4,26,0
2024-12-31,서울,서울 강남,95,4,28,0
2024-12-31,서울,서울 강남,96,3,24,0
2024-12-31,서울,서울 강남,97,3,15,0
2024-12-31,서울,서울 강남,98,2,10,0
2024-12-31,서울,서울 강남,99,12,23,0
2024-12-31,서울,서울 강동,16,0,12,12
2024-12-31,서울,서울 강동,17,0,31,31
2024-12-31,서울,서울 강동,18,107,126,21
2024-12-31,서울,서울 강동,19,366,661,19
2024-12-31,서울,서울 강동,20,578,1015,11
2024-12-31,서울,서울 강동,21,663,1289,10
2024-12-31,서울,서울 강동,22,831,1508,14
2024-12-31,서울,서울 강동,23,964,1891,11
2024-12-31,서울,서울 강동,24,1192,2720,29
2024-12-31,서울,서울 강동,25,1286,2749,15
2024-12-31,서울,서울 강동,26,1432,3280,13
2024-12-31,서울,서울 강동,27,1735,3511,16
2024-12-31,서울,서울 강동,28,2002,3743,17
2024-12-31,서울,서울 강동,29,2251,3921,21
2024-12-31,서울,서울 강동,30,2486,3953,20
2024-12-31,서울,서울 강동,31,2664,3750,22
2024-12-31,서울,서울 강동,32,3062,3892,17
2024-12-31,서울,서울 강동,33,3041,3650,8
2024-12-31,서울,서울 강동,34,2899,3400,8
2024-12-31,서울,서울 강동,35,2893,3307,13
2024-12-31,서울,서울 강동,36,3044,3349,14
2024-12-31,서울,서울 강동,37,3052,3228,4
2024-12-31,서울,서울 강동,38,3279,3083,6
2024-12-31,서울,서울 강동,39,3555,2946,5
2024-12-31,서울,서울 강동,40,3730,2854,4
2024-12-31,서울,서울 강동,41,4177,2995,9
2024-12-31,서울,서울 강동,42,4502,3107,11
2024-12-31,서울,서울 강동,43,4844,3226,11
2024-12-31,서울,서울 강동,44,4664,3056,5
2024-12-31,서울,서울 강동,45,4471,3085,14
2024-12-31,서울,서울 강동,46,3983,2455,17
2024-12-31,서울,서울 강동,47,4069,2644,7
2024-12-31,서울,서울 강동,48,3894,2525,16
2024-12-31,서울,서울 강동,49,3816,2581,7
2024-12-31,서울,서울 강동,50,4101,2566,12
2024-12-31,서울,서울 강동,51,4076,2752,15
2024-12-31,서울,서울 강동,52,4099,2742,15
2024-12-31,서울,서울 강동,53,4243,2693,16
2024-12-31,서울,서울 강동,54,4035,2622,13
2024-12-31,서울,서울 강동,55,4023,2471,20
2024-12-31,서울,서울 강동,56,3976,2547,19
2024-12-31,서울,서울 강동,57,3588,2333,18
2024-12-31,서울,서울 강동,58,3486,2055,26
2024-12-31,서울,서울 강동,59,3451,2182,24
2024-12-31,서울,서울 강동,60,3494,2338,23
2024-12-31,서울,서울 강동,61,3316,2211,22
2024-12-31,서울,서울 강동,62,3645,2400,15
2024-12-31,서울,서울 강동,63,3661,2309,26
2024-12-31,서울,서울 강동,64,3835,2507,24
2024-12-31,서울,서울 강동,65,3548,2292,19
2024-12-31,서울,서울 강동,66,3241,2166,20
2024-12-31,서울,서울 강동,67,3239,2095,20
2024-12-31,서울,서울 강동,68,2764,1986,30
2024-12-31,서울,서울 강동,69,2801,2041,24
2024-12-31,서울,서울 강동,70,2363,1646,14
2024-12-31,서울,서울 강동,71,1963,1318,12
2024-12-31,서울,서울 강동,72,2016,1418,22
2024-12-31,서울,서울 강동,73,1238,840,14
2024-12-31,서울,서울 강동,74,1152,856,16
2024-12-31,서울,서울 강동,75,1094,802,14
2024-12-31,서울,서울 강동,76,967,730,8
2024-12-31,서울,서울 강동,77,805,658,10
2024-12-31,서울,서울 강동,78,594,498,16
2024-12-31,서울,서울 강동,79,416,376,5
2024-12-31,서울,서울 강동,80,277,341,10
2024-12-31,서울,서울 강동,81,250,299,8
2024-12-31,서울,서울 강동,82,243,286,16
2024-12-31,서울,서울 강동,83,136,181,5
2024-12-31,서울,서울 강동,84,99,149,10
2024-12-31,서울,서울 강동,85,79,118,5
2024-12-31,서울,서울 강동,86,48,98,3
2024-12-31,서울,서울 강동,87,38,62,3
2024-12-31,서울,서울 강동,88,19,50,3
2024-12-31,서울,서울 강동,89,12,42,2
2024-12-31,서울,서울 강동,90,6,28,1
2024-12-31,서울,서울 강동,91,2,27,0
2024-12-31,서울,서울 강동,92,8,19,2
2024-12-31,서울,서울 강동,93,0,10,0
2024-12-31,서울,서울 강동,94,2,11,0
2024-12-31,서울,서울 강동,95,4,7,0
2024-12-31,서울,서울 강동,96,0,4,0
2024-12-31,서울,서울 강동,97,2,3,1
2024-12-31,서울,서울 강동,98,2,6,0
2024-12-31,서울,서울 강동,99,7,12,0
2024-12-31,서울,서울 강북,16,0,7,7
2024-12-31,서울,서울 강북,17,0,20,20
2024-12-31,서울,서울 강북,18,80,89,20
2024-12-31,서울,서울 강북,19,232,396,16
2024-12-31,서울,서울 강북,20,319,625,12
2024-12-31,서울,서울 강북,21,536,870,15
2024-12-31,서울,서울 강북,22,633,981,19
2024-12-31,서울,서울 강북,23,715,1337,16
2024-12-31,서울,서울 강북,24,848,1657,30
2024-12-31,서울,서울 강북,25,863,1663,26
2024-12-31,서울,서울 강북,26,921,1783,20
2024-12-31,서울,서울 강북,27,1104,1931,25
2024-12-31,서울,서울 강북,28,1115,1915,27
2024-12-31,서울,서울 강북,29,1255,1937,29
2024-12-31,서울,서울 강북,30,1324,1959,31
2024-12-31,서울,서울 강북,31,1400,1714,27
2024-12-31,서울,서울 강북,32,1519,1731,25
2024-12-31,서울,서울 강북,33,1451,1597,23
2024-12-31,서울,서울 강북,34,1259,1395,14
2024-12-31,서울,서울 강북,35,1334,1274,15
2024-12-31,서울,서울 강북,36,1402,1232,10
2024-12-31,서울,서울 강북,37,1341,1147,12
2024-12-31,서울,서울 강북,38,1367,1099,12
2024-12-31,서울,서울 강북,39,1467,1142,18
2024-12-31,서울,서울 강북,40,1644,1114,20
2024-12-31,서울,서울 강북,41,1850,1166,15
2024-12-31,서울,서울 강북,42,2087,1294,15
2024-12-31,서울,서울 강북,43,2068,1230,18
2024-12-31,서울,서울 강북,44,2207,1142,14
2024-12-31,서울,서울 강북,45,2140,1269,14
2024-12-31,서울,서울 강북,46,1820,1038,13
2024-12-31,서울,서울 강북,47,2032,1224,14
2024-12-31,서울,서울 강북,48,2014,1222,12
2024-12-31,서울,서울 강북,49,2158,1175,9
2024-12-31,서울,서울 강북,50,2410,1354,21
2024-12-31,서울,서울 강북,51,2483,1429,14
2024-12-31,서울,서울 강북,52,2611,1427,26
2024-12-31,서울,서울 강북,53,2859,1498,20
2024-12-31,서울,서울 강북,54,2687,1451,18
2024-12-31,서울,서울 강북,55,2615,1360,20
2024-12-31,서울,서울 강북,56,2647,1336,26
2024-12-31,서울,서울 강북,57,2470,1207,24
2024-12-31,서울,서울 강북,58,2183,1147,27
2024-12-31,서울,서울 강북,59,2300,1197,30
2024-12-31,서울,서울 강북,60,2194,1149,29
2024-12-31,서울,서울 강북,61,2205,1083,28
2024-12-31,서울,서울 강북,62,2274,1168,32
2024-12-31,서울,서울 강북,63,2222,1189,31
2024-12-31,서울,서울 강북,64,2378,1206,34
2024-12-31,서울,서울 강북,65,2242,1088,37
2024-12-31,서울,서울 강북,66,1931,986,43
2024-12-31,서울,서울 강북,67,1925,979,42
2024-12-31,서울,서울 강북,68,1732,863,41
2024-12-31,서울,서울 강북,69,1756,898,37
2024-12-31,서울,서울 강북,70,1477,759,31
2024-12-31,서울,서울 강북,71,1206,582,25
2024-12-31,서울,서울 강북,72,1193,610,23
2024-12-31,서울,서울 강북,73,758,409,24
2024-12-31,서울,서울 강북,74,772,402,28
2024-12-31,서울,서울 강북,75,719,396,19
2024-12-31,서울,서울 강북,76,651,355,22
2024-12-31,서울,서울 강북,77,568,329,19
2024-12-31,서울,서울 강북,78,378,270,11
2024-12-31,서울,서울 강북,79,242,209,15
2024-12-31,서울,서울 강북,80,223,184,19
2024-12-31,서울,서울 강북,81,187,168,9
2024-12-31,서울,서울 강북,82,173,170,20
2024-12-31,서울,서울 강북,83,142,133,7
2024-12-31,서울,서울 강북,84,78,94,9
2024-12-31,서울,서울 강북,85,60,93,5
2024-12-31,서울,서울 강북,86,31,76,3
2024-12-31,서울,서울 강북,87,27,48,9
2024-12-31,서울,서울 강북,88,20,45,7
2024-12-31,서울,서울 강북,89,12,39,5
2024-12-31,서울,서울 강북,90,13,30,5
2024-12-31,서울,서울 강북,91,6,14,0
2024-12-31,서울,서울 강북,92,11,15,1
2024-12-31,서울,서울 강북,93,3,4,0
2024-12-31,서울,서울 강북,94,3,0,0
2024-12-31,서울,서울 강북,95,4,4,1
2024-12-31,서울,서울 강북,96,1,6,0
2024-12-31,서울,서울 강북,97,3,7,2
2024-12-31,서울,서울 강북,98,0,3,0
2024-12-31,서울,서울 강북,99,6,9,0
2024-12-31,서울,서울 강서,16,0,21,21
2024-12-31,서울,서울 강서,17,0,35,35
2024-12-31,서울,서울 강서,18,117,148,25
2024-12-31,서울,서울 강서,19,436,667,17
2024-12-31,서울,서울 강서,20,685,1011,16
2024-12-31,서울,서울 강서,21,879,1444,21
2024-12-31,서울,서울 강서,22,1015,1671,13
2024-12-31,서울,서울 강서,23,1187,2465,19
2024-12-31,서울,서울 강서,24,1584,3432,16
2024-12-31,서울,서울 강서,25,1710,3733,22
2024-12-31,서울,서울 강서,26,2106,4319,24
2024-12-31,서울,서울 강서,27,2556,4926,22
2024-12-31,서울,서울 강서,28,2821,5285,24
2024-12-31,서울,서울 강서,29,3265,5565,29
2024-12-31,서울,서울 강서,30,3616,5658,33
2024-12-31,서울,서울 강서,31,3978,5531,26
2024-12-31,서울,서울 강서,32,4311,5397,23
2024-12-31,서울,서울 강서,33,4312,5101,29
2024-12-31,서울,서울 강서,34,4040,4299,14
2024-12-31,서울,서울 강서,35,3930,4125,9
2024-12-31,서울,서울 강서,36,4068,3950,11
2024-12-31,서울,서울 강서,37,3819,3470,10
2024-12-31,서울,서울 강서,38,4003,3387,16
2024-12-31,서울,서울 강서,39,4190,3204,13
2024-12-31,서울,서울 강서,40,4138,2929,15
2024-12-31,서울,서울 강서,41,4772,3111,11
2024-12-31,서울,서울 강서,42,5025,3217,17
2024-12-31,서울,서울 강서,43,5115,3190,17
2024-12-31,서울,서울 강서,44,4985,3085,13
2024-12-31,서울,서울 강서,45,4952,3120,14
2024-12-31,서울,서울 강서,46,4131,2622,12
2024-12-31,서울,서울 강서,47,4461,2713,8
2024-12-31,서울,서울 강서,48,4388,2582,6
2024-12-31,서울,서울 강서,49,4459,2677,7
2024-12-31,서울,서울 강서,50,4766,2833,2
2024-12-31,서울,서울 강서,51,4911,2859,10
2024-12-31,서울,서울 강서,52,4791,2776,23
2024-12-31,서울,서울 강서,53,4954,2868,15
2024-12-31,서울,서울 강서,54,4685,2714,15
2024-12-31,서울,서울 강서,55,4582,2699,16
2024-12-31,서울,서울 강서,56,4503,2485,28
2024-12-31,서울,서울 강서,57,4027,2314,19
2024-12-31,서울,서울 강서,58,3838,2119,13
2024-12-31,서울,서울 강서,59,4010,2280,21
2024-12-31,서울,서울 강서,60,3951,2307,31
2024-12-31,서울,서울 강서,61,3748,2164,32
2024-12-31,서울,서울 강서,62,4134,2438,27
2024-12-31,서울,서울 강서,63,4371,2384,41
2024-12-31,서울,서울 강서,64,4314,2435,31
2024-12-31,서울,서울 강서,65,4117,2307,31
2024-12-31,서울,서울 강서,66,3689,2004,21
2024-12-31,서울,서울 강서,67,3631,2033,29
2024-12-31,서울,서울 강서,68,3185,1860,21
2024-12-31,서울,서울 강서,69,3295,1919,25
2024-12-31,서울,서울 강서,70,2534,1500,26
2024-12-31,서울,서울 강서,71,2280,1297,24
2024-12-31,서울,서울 강서,72,2133,1337,20
2024-12-31,서울,서울 강서,73,1321,823,21
2024-12-31,서울,서울 강서,74,1369,888,17
2024-12-31,서울,서울 강서,75,1188,856,24
2024-12-31,서울,서울 강서,76,1089,701,18
2024-12-31,서울,서울 강서,77,905,665,13
2024-12-31,서울,서울 강서,78,610,491,14
2024-12-31,서울,서울 강서,79,425,381,9
2024-12-31,서울,서울 강서,80,334,361,17
2024-12-31,서울,서울 강서,81,249,271,8
2024-12-31,서울,서울 강서,82,198,297,14
2024-12-31,서울,서울 강서,83,145,197,3
2024-12-31,서울,서울 강서,84,94,159,9
2024-12-31,서울,서울 강서,85,78,125,4
2024-12-31,서울,서울 강서,86,61,110,6
2024-12-31,서울,서울 강서,87,35,75,2
2024-12-31,서울,서울 강서,88,23,67,6
2024-12-31,서울,서울 강서,89,16,45,4
2024-12-31,서울,서울 강서,90,14,41,2
2024-12-31,서울,서울 강서,91,9,23,0
2024-12-31,서울,서울 강서,92,7,22,3
2024-12-31,서울,서울 강서,93,5,10,2
2024-12-31,서울,서울 강서,94,6,11,1
2024-12-31,서울,서울 강서,95,4,19,1
2024-12-31,서울,서울 강서,96,3,10,0
2024-12-31,서울,서울 강서,97,0,3,0
2024-12-31,서울,서울 강서,98,0,2,0
2024-12-31,서울,서울 강서,99,2,9,0
2024-12-31,서울,서울 관악,16,0,7,7
2024-12-31,서울,서울 관악,17,0,22,22
2024-12-31,서울,서울 관악,18,55,69,13
2024-12-31,서울,서울 관악,19,395,579,18
2024-12-31,서울,서울 관악,20,582,1021,21
2024-12-31,서울,서울 관악,21,875,1481,23
2024-12-31,서울,서울 관악,22,1234,2103,22
2024-12-31,서울,서울 관악,23,1740,3364,46
2024-12-31,서울,서울 관악,24,2437,4901,45
2024-12-31,서울,서울 관악,25,2934,5593,52
2024-12-31,서울,서울 관악,26,3651,6524,47
2024-12-31,서울,서울 관악,27,4418,7132,46
2024-12-31,서울,서울 관악,28,4770,6969,58
2024-12-31,서울,서울 관악,29,4960,6680,56
2024-12-31,서울,서울 관악,30,5130,6311,47
2024-12-31,서울,서울 관악,31,4917,5555,38
2024-12-31,서울,서울 관악,32,4963,5053,40
2024-12-31,서울,서울 관악,33,4556,4476,39
2024-12-31,서울,서울 관악,34,3936,3593,24
2024-12-31,서울,서울 관악,35,3633,3243,27
2024-12-31,서울,서울 관악,36,3336,2846,27
2024-12-31,서울,서울 관악,37,3197,2630,20
2024-12-31,서울,서울 관악,38,3022,2404,19
2024-12-31,서울,서울 관악,39,3058,2144,18
2024-12-31,서울,서울 관악,40,2919,2065,20
2024-12-31,서울,서울 관악,41,3317,2061,19
2024-12-31,서울,서울 관악,42,3546,2107,22
2024-12-31,서울,서울 관악,43,3535,2102,20
2024-12-31,서울,서울 관악,44,3565,2055,20
2024-12-31,서울,서울 관악,45,3445,2037,15
2024-12-31,서울,서울 관악,46,2958,1795,19
2024-12-31,서울,서울 관악,47,2973,1945,18
2024-12-31,서울,서울 관악,48,3013,1877,13
2024-12-31,서울,서울 관악,49,3123,1978,23
2024-12-31,서울,서울 관악,50,3401,2152,21
2024-12-31,서울,서울 관악,51,3511,2213,14
2024-12-31,서울,서울 관악,52,3509,2300,23
2024-12-31,서울,서울 관악,53,3691,2477,26
2024-12-31,서울,서울 관악,54,3507,2275,19
2024-12-31,서울,서울 관악,55,3482,2255,23
2024-12-31,서울,서울 관악,56,3188,2258,22
2024-12-31,서울,서울 관악,57,3051,2024,22
2024-12-31,서울,서울 관악,58,2898,1741,34
2024-12-31,서울,서울 관악,59,2994,1923,38
2024-12-31,서울,서울 관악,60,2933,1923,28
2024-12-31,서울,서울 관악,61,2772,1778,31
2024-12-31,서울,서울 관악,62,2891,1979,39
2024-12-31,서울,서울 관악,63,2797,1803,30
2024-12-31,서울,서울 관악,64,2867,1981,38
2024-12-31,서울,서울 관악,65,2766,1717,26
2024-12-31,서울,서울 관악,66,2473,1602,32
2024-12-31,서울,서울 관악,67,2319,1574,31
2024-12-31,서울,서울 관악,68,2078,1466,43
2024-12-31,서울,서울 관악,69,2195,1511,42
2024-12-31,서울,서울 관악,70,1667,1176,23
2024-12-31,서울,서울 관악,71,1369,1043,29
2024-12-31,서울,서울 관악,72,1530,1007,31
2024-12-31,서울,서울 관악,73,1063,706,29
2024-12-31,서울,서울 관악,74,1034,748,28
2024-12-31,서울,서울 관악,75,937,675,26
2024-12-31,서울,서울 관악,76,791,613,24
2024-12-31,서울,서울 관악,77,660,562,16
2024-12-31,서울,서울 관악,78,465,444,15
2024-12-31,서울,서울 관악,79,322,357,22
2024-12-31,서울,서울 관악,80,290,294,12
2024-12-31,서울,서울 관악,81,214,275,9
2024-12-31,서울,서울 관악,82,242,279,14
2024-12-31,서울,서울 관악,83,143,218,5
2024-12-31,서울,서울 관악,84,101,152,11
2024-12-31,서울,서울 관악,85,62,119,14
2024-12-31,서울,서울 관악,86,44,104,5
2024-12-31,서울,서울 관악,87,32,74,4
2024-12-31,서울,서울 관악,88,30,50,1
2024-12-31,서울,서울 관악,89,12,41,2
2024-12-31,서울,서울 관악,90,9,29,2
2024-12-31,서울,서울 관악,91,4,22,1
2024-12-31,서울,서울 관악,92,4,12,0
2024-12-31,서울,서울 관악,93,3,11,1
2024-12-31,서울,서울 관악,94,2,4,0
2024-12-31,서울,서울 관악,95,3,10,0
2024-12-31,서울,서울 관악,96,2,7,0
2024-12-31,서울,서울 관악,97,0,4,0
2024-12-31,서울,서울 관악,98,0,4,0
2024-12-31,서울,서울 관악,99,3,9,0
2024-12-31,서울,서울 광진,16,0,4,4
2024-12-31,서울,서울 광진,17,0,19,19
2024-12-31,서울,서울 광진,18,45,84,14
2024-12-31,서울,서울 광진,19,239,431,11
2024-12-31,서울,서울 광진,20,354,839,20
2024-12-31,서울,서울 광진,21,541,1243,21
2024-12-31,서울,서울 광진,22,768,1515,30
2024-12-31,서울,서울 광진,23,1056,2238,40
2024-12-31,서울,서울 광진,24,1414,2964,57
2024-12-31,서울,서울 광진,25,1490,3208,51
2024-12-31,서울,서울 광진,26,1697,3662,41
2024-12-31,서울,서울 광진,27,1858,3854,52
2024-12-31,서울,서울 광진,28,2047,4095,53
2024-12-31,서울,서울 광진,29,2281,4053,47
2024-12-31,서울,서울 광진,30,2348,3797,30
2024-12-31,서울,서울 광진,31,2389,3533,26
2024-12-31,서울,서울 광진,32,2538,3396,19
2024-12-31,서울,서울 광진,33,2408,3079,14
2024-12-31,서울,서울 광진,34,2235,2807,17
2024-12-31,서울,서울 광진,35,2110,2565,13
2024-12-31,서울,서울 광진,36,2162,2395,14
2024-12-31,서울,서울 광진,37,2021,2182,11
2024-12-31,서울,서울 광진,38,2043,2071,15
2024-12-31,서울,서울 광진,39,2177,2020,19
2024-12-31,서울,서울 광진,40,2119,1789,16
2024-12-31,서울,서울 광진,41,2423,1935,19
2024-12-31,서울,서울 광진,42,2596,2014,20
2024-12-31,서울,서울 광진,43,2623,1892,11
2024-12-31,서울,서울 광진,44,2652,1898,13
2024-12-31,서울,서울 광진,45,2574,1883,21
2024-12-31,서울,서울 광진,46,2214,1539,13
2024-12-31,서울,서울 광진,47,2457,1788,12
2024-12-31,서울,서울 광진,48,2311,1746,18
2024-12-31,서울,서울 광진,49,2465,1713,16
2024-12-31,서울,서울 광진,50,2507,1909,18
2024-12-31,서울,서울 광진,51,2616,1929,18
2024-12-31,서울,서울 광진,52,2719,1942,15
2024-12-31,서울,서울 광진,53,2823,2137,17
2024-12-31,서울,서울 광진,54,2827,2023,20
2024-12-31,서울,서울 광진,55,2694,1934,14
2024-12-31,서울,서울 광진,56,2659,1904,28
2024-12-31,서울,서울 광진,57,2542,1667,27
2024-12-31,서울,서울 광진,58,2340,1524,19
2024-12-31,서울,서울 광진,59,2412,1650,25
2024-12-31,서울,서울 광진,60,2355,1530,29
2024-12-31,서울,서울 광진,61,2178,1528,18
2024-12-31,서울,서울 광진,62,2397,1466,23
2024-12-31,서울,서울 광진,63,2261,1538,30
2024-12-31,서울,서울 광진,64,2344,1562,24
2024-12-31,서울,서울 광진,65,2102,1447,28
2024-12-31,서울,서울 광진,66,1977,1348,17
2024-12-31,서울,서울 광진,67,1878,1275,33
2024-12-31,서울,서울 광진,68,1600,1138,32
2024-12-31,서울,서울 광진,69,1653,1146,21
2024-12-31,서울,서울 광진,70,1301,924,22
2024-12-31,서울,서울 광진,71,1064,761,12
2024-12-31,서울,서울 광진,72,1095,822,16
2024-12-31,서울,서울 광진,73,628,496,10
2024-12-31,서울,서울 광진,74,709,537,21
2024-12-31,서울,서울 광진,75,586,513,16
2024-12-31,서울,서울 광진,76,530,461,12
2024-12-31,서울,서울 광진,77,491,438,11
2024-12-31,서울,서울 광진,78,345,344,5
2024-12-31,서울,서울 광진,79,226,254,4
2024-12-31,서울,서울 광진,80,208,244,8
2024-12-31,서울,서울 광진,81,145,233,12
2024-12-31,서울,서울 광진,82,163,208,3
2024-12-31,서울,서울 광진,83,85,170,5
2024-12-31,서울,서울 광진,84,63,124,2
2024-12-31,서울,서울 광진,85,54,120,3
2024-12-31,서울,서울 광진,86,40,75,4
2024-12-31,서울,서울 광진,87,30,85,3
2024-12-31,서울,서울 광진,88,13,53,1
2024-12-31,서울,서울 광진,89,11,41,2
2024-12-31,서울,서울 광진,90,10,25,0
2024-12-31,서울,서울 광진,91,7,24,0
2024-12-31,서울,서울 광진,92,4,17,0
2024-12-31,서울,서울 광진,93,2,7,0
2024-12-31,서울,서울 광진,94,1,13,0
2024-12-31,서울,서울 광진,95,6,8,0
2024-12-31,서울,서울 광진,96,1,8,0
2024-12-31,서울,서울 광진,97,3,4,0
2024-12-31,서울,서울 광진,98,0,2,0
2024-12-31,서울,서울 광진,99,6,15,0
2024-12-31,서울,서울 구로,16,0,8,8
2024-12-31,서울,서울 구로,17,0,40,40
2024-12-31,서울,서울 구로,18,116,127,18
2024-12-31,서울,서울 구로,19,414,503,12
2024-12-31,서울,서울 구로,20,555,749,12
2024-12-31,서울,서울 구로,21,665,941,11
2024-12-31,서울,서울 구로,22,874,1203,15
2024-12-31,서울,서울 구로,23,976,1620,17
2024-12-31,서울,서울 구로,24,1164,2240,12
2024-12-31,서울,서울 구로,25,1285,2397,14
2024-12-31,서울,서울 구로,26,1599,2669,20
2024-12-31,서울,서울 구로,27,1725,3044,14
2024-12-31,서울,서울 구로,28,1876,3133,16
2024-12-31,서울,서울 구로,29,2252,3268,21
2024-12-31,서울,서울 구로,30,2347,3361,10
2024-12-31,서울,서울 구로,31,2533,3377,12
2024-12-31,서울,서울 구로,32,2727,3362,14
2024-12-31,서울,서울 구로,33,2864,3342,8
2024-12-31,서울,서울 구로,34,2804,3065,10
2024-12-31,서울,서울 구로,35,2819,2903,9
2024-12-31,서울,서울 구로,36,2965,2834,10
2024-12-31,서울,서울 구로,37,2833,2817,13
2024-12-31,서울,서울 구로,38,2889,2553,8
2024-12-31,서울,서울 구로,39,2909,2407,6
2024-12-31,서울,서울 구로,40,2969,2214,9
2024-12-31,서울,서울 구로,41,3453,2322,14
2024-12-31,서울,서울 구로,42,3540,2422,10
2024-12-31,서울,서울 구로,43,3604,2236,14
2024-12-31,서울,서울 구로,44,3596,2184,12
2024-12-31,서울,서울 구로,45,3496,2226,12
2024-12-31,서울,서울 구로,46,3044,1919,13
2024-12-31,서울,서울 구로,47,3212,1962,16
2024-12-31,서울,서울 구로,48,3200,1948,14
2024-12-31,서울,서울 구로,49,3076,1923,13
2024-12-31,서울,서울 구로,50,3467,2158,13
2024-12-31,서울,서울 구로,51,3540,2243,10
2024-12-31,서울,서울 구로,52,3678,2285,15
2024-12-31,서울,서울 구로,53,3619,2421,15
2024-12-31,서울,서울 구로,54,3619,2230,25
2024-12-31,서울,서울 구로,55,3412,2222,17
2024-12-31,서울,서울 구로,56,3415,2204,24
2024-12-31,서울,서울 구로,57,3152,1955,24
2024-12-31,서울,서울 구로,58,2972,1787,28
2024-12-31,서울,서울 구로,59,3067,1964,33
2024-12-31,서울,서울 구로,60,3090,1833,19
2024-12-31,서울,서울 구로,61,2869,1801,27
2024-12-31,서울,서울 구로,62,2968,1923,26
2024-12-31,서울,서울 구로,63,3016,1829,32
2024-12-31,서울,서울 구로,64,3144,1876,35
2024-12-31,서울,서울 구로,65,2738,1694,29
2024-12-31,서울,서울 구로,66,2677,1590,26
2024-12-31,서울,서울 구로,67,2560,1484,29
2024-12-31,서울,서울 구로,68,2228,1382,28
2024-12-31,서울,서울 구로,69,2245,1451,27
2024-12-31,서울,서울 구로,70,1834,1204,24
2024-12-31,서울,서울 구로,71,1556,1027,26
2024-12-31,서울,서울 구로,72,1494,955,20
2024-12-31,서울,서울 구로,73,1021,626,15
2024-12-31,서울,서울 구로,74,1017,682,26
2024-12-31,서울,서울 구로,75,906,624,16
2024-12-31,서울,서울 구로,76,758,534,25
2024-12-31,서울,서울 구로,77,693,463,14
2024-12-31,서울,서울 구로,78,454,352,9
2024-12-31,서울,서울 구로,79,309,275,8
2024-12-31,서울,서울 구로,80,265,242,10
2024-12-31,서울,서울 구로,81,198,202,7
2024-12-31,서울,서울 구로,82,161,212,14
2024-12-31,서울,서울 구로,83,97,151,9
2024-12-31,서울,서울 구로,84,69,132,6
2024-12-31,서울,서울 구로,85,47,98,8
2024-12-31,서울,서울 구로,86,44,87,3
2024-12-31,서울,서울 구로,87,16,44,2
2024-12-31,서울,서울 구로,88,12,42,1
2024-12-31,서울,서울 구로,89,11,36,2
2024-12-31,서울,서울 구로,90,5,15,2
2024-12-31,서울,서울 구로,91,6,13,2
2024-12-31,서울,서울 구로,92,0,12,2
2024-12-31,서울,서울 구로,93,0,6,1
2024-12-31,서울,서울 구로,94,2,4,0
2024-12-31,서울,서울 구로,95,3,5,1
2024-12-31,서울,서울 구로,96,0,2,0
2024-12-31,서울,서울 구로,97,1,2,0
2024-12-31,서울,서울 구로,99,1,9,0
2024-12-31,서울,서울 금천,16,0,14,14
2024-12-31,서울,서울 금천,17,0,14,14
2024-12-31,서울,서울 금천,18,35,57,14
2024-12-31,서울,서울 금천,19,210,216,4
2024-12-31,서울,서울 금천,20,268,344,14
2024-12-31,서울,서울 금천,21,347,460,8
2024-12-31,서울,서울 금천,22,477,625,13
2024-12-31,서울,서울 금천,23,575,960,13
2024-12-31,서울,서울 금천,24,830,1406,12
2024-12-31,서울,서울 금천,25,974,1663,13
2024-12-31,서울,서울 금천,26,1250,1916,10
2024-12-31,서울,서울 금천,27,1454,2280,10
2024-12-31,서울,서울 금천,28,1637,2437,11
2024-12-31,서울,서울 금천,29,1892,2462,19
2024-12-31,서울,서울 금천,30,1982,2383,15
2024-12-31,서울,서울 금천,31,2065,2198,8
2024-12-31,서울,서울 금천,32,2125,2136,11
2024-12-31,서울,서울 금천,33,2070,1957,11
2024-12-31,서울,서울 금천,34,1847,1704,10
2024-12-31,서울,서울 금천,35,1722,1540,3
2024-12-31,서울,서울 금천,36,1760,1521,7
2024-12-31,서울,서울 금천,37,1619,1397,9
2024-12-31,서울,서울 금천,38,1593,1282,7
2024-12-31,서울,서울 금천,39,1572,1200,9
2024-12-31,서울,서울 금천,40,1596,1091,4
2024-12-31,서울,서울 금천,41,1632,1148,7
2024-12-31,서울,서울 금천,42,1813,1123,17
2024-12-31,서울,서울 금천,43,1768,1078,16
2024-12-31,서울,서울 금천,44,1710,1062,10
2024-12-31,서울,서울 금천,45,1740,995,12
2024-12-31,서울,서울 금천,46,1492,882,8
2024-12-31,서울,서울 금천,47,1628,955,9
2024-12-31,서울,서울 금천,48,1593,922,6
2024-12-31,서울,서울 금천,49,1579,1023,7
2024-12-31,서울,서울 금천,50,1789,1018,8
2024-12-31,서울,서울 금천,51,1943,1189,17
2024-12-31,서울,서울 금천,52,1936,1213,17
2024-12-31,서울,서울 금천,53,2044,1250,20
2024-12-31,서울,서울 금천,54,2017,1253,22
2024-12-31,서울,서울 금천,55,1991,1200,17
2024-12-31,서울,서울 금천,56,2020,1181,17
2024-12-31,서울,서울 금천,57,1867,1084,16
2024-12-31,서울,서울 금천,58,1857,1087,29
2024-12-31,서울,서울 금천,59,1841,1175,22
2024-12-31,서울,서울 금천,60,1886,1174,35
2024-12-31,서울,서울 금천,61,1789,1033,18
2024-12-31,서울,서울 금천,62,1887,1189,28
2024-12-31,서울,서울 금천,63,1825,1017,24
2024-12-31,서울,서울 금천,64,1832,1129,25
2024-12-31,서울,서울 금천,65,1733,1030,26
2024-12-31,서울,서울 금천,66,1522,929,19
2024-12-31,서울,서울 금천,67,1442,754,23
2024-12-31,서울,서울 금천,68,1290,736,16
2024-12-31,서울,서울 금천,69,1251,746,21
2024-12-31,서울,서울 금천,70,999,632,29
2024-12-31,서울,서울 금천,71,826,450,19
2024-12-31,서울,서울 금천,72,861,458,14
2024-12-31,서울,서울 금천,73,539,341,15
2024-12-31,서울,서울 금천,74,589,323,7
2024-12-31,서울,서울 금천,75,460,298,13
2024-12-31,서울,서울 금천,76,448,266,9
2024-12-31,서울,서울 금천,77,343,244,7
2024-12-31,서울,서울 금천,78,236,188,6
2024-12-31,서울,서울 금천,79,164,147,4
2024-12-31,서울,서울 금천,80,141,116,8
2024-12-31,서울,서울 금천,81,98,116,6
2024-12-31,서울,서울 금천,82,97,117,10
2024-12-31,서울,서울 금천,83,74,75,2
2024-12-31,서울,서울 금천,84,42,47,3
2024-12-31,서울,서울 금천,85,21,48,5
2024-12-31,서울,서울 금천,86,25,41,2
2024-12-31,서울,서울 금천,87,16,28,1
2024-12-31,서울,서울 금천,88,7,29,3
2024-12-31,서울,서울 금천,89,6,19,1
2024-12-31,서울,서울 금천,90,4,12,3
2024-12-31,서울,서울 금천,91,0,13,2
2024-12-31,서울,서울 금천,92,0,8,0
2024-12-31,서울,서울 금천,93,4,2,0
2024-12-31,서울,서울 금천,94,1,6,2
2024-12-31,서울,서울 금천,95,1,3,0
2024-12-31,서울,서울 금천,96,1,4,0
2024-12-31,서울,서울 금천,97,0,1,0
2024-12-31,서울,서울 금천,99,2,1,0
2024-12-31,서울,서울 노원,16,0,15,15
2024-12-31,서울,서울 노원,17,0,33,33
2024-12-31,서울,서울 노원,18,139,134,17
2024-12-31,서울,서울 노원,19,665,1025,17
2024-12-31,서울,서울 노원,20,905,1473,12
2024-12-31,서울,서울 노원,21,1105,1767,15
2024-12-31,서울,서울 노원,22,1356,1996,14
2024-12-31,서울,서울 노원,23,1565,2705,21
2024-12-31,서울,서울 노원,24,1857,3151,30
2024-12-31,서울,서울 노원,25,1603,2933,26
2024-12-31,서울,서울 노원,26,1580,3086,13
2024-12-31,서울,서울 노원,27,1717,3042,25
2024-12-31,서울,서울 노원,28,1696,3074,24
2024-12-31,서울,서울 노원,29,2022,3158,14
2024-12-31,서울,서울 노원,30,2059,3074,32
2024-12-31,서울,서울 노원,31,2338,3124,12
2024-12-31,서울,서울 노원,32,2576,3116,21
2024-12-31,서울,서울 노원,33,2613,3051,12
2024-12-31,서울,서울 노원,34,2520,2755,6
2024-12-31,서울,서울 노원,35,2521,2696,15
2024-12-31,서울,서울 노원,36,2672,2565,11
2024-12-31,서울,서울 노원,37,2635,2336,11
2024-12-31,서울,서울 노원,38,2780,2316,12
2024-12-31,서울,서울 노원,39,2941,2241,4
2024-12-31,서울,서울 노원,40,3057,2214,11
2024-12-31,서울,서울 노원,41,3643,2349,6
2024-12-31,서울,서울 노원,42,4023,2553,10
2024-12-31,서울,서울 노원,43,4186,2477,13
2024-12-31,서울,서울 노원,44,4291,2586,16
2024-12-31,서울,서울 노원,45,4320,2634,8
2024-12-31,서울,서울 노원,46,3828,2267,11
2024-12-31,서울,서울 노원,47,4212,2615,11
2024-12-31,서울,서울 노원,48,4358,2379,6
2024-12-31,서울,서울 노원,49,4431,2590,11
2024-12-31,서울,서울 노원,50,4992,2712,13
2024-12-31,서울,서울 노원,51,5168,2790,13
2024-12-31,서울,서울 노원,52,5237,2864,10
2024-12-31,서울,서울 노원,53,5491,2977,13
2024-12-31,서울,서울 노원,54,5386,2844,16
2024-12-31,서울,서울 노원,55,5089,2673,11
2024-12-31,서울,서울 노원,56,5020,2501,15
2024-12-31,서울,서울 노원,57,4378,2292,15
2024-12-31,서울,서울 노원,58,4248,1885,21
2024-12-31,서울,서울 노원,59,4171,2075,31
2024-12-31,서울,서울 노원,60,3998,1987,19
2024-12-31,서울,서울 노원,61,3930,1979,16
2024-12-31,서울,서울 노원,62,4166,1981,27
2024-12-31,서울,서울 노원,63,4227,2022,24
2024-12-31,서울,서울 노원,64,4189,1922,27
2024-12-31,서울,서울 노원,65,3755,1860,26
2024-12-31,서울,서울 노원,66,3629,1722,26
2024-12-31,서울,서울 노원,67,3394,1689,29
2024-12-31,서울,서울 노원,68,3087,1403,29
2024-12-31,서울,서울 노원,69,3090,1509,31
2024-12-31,서울,서울 노원,70,2582,1120,28
2024-12-31,서울,서울 노원,71,2034,968,24
2024-12-31,서울,서울 노원,72,2088,919,25
2024-12-31,서울,서울 노원,73,1293,578,13
2024-12-31,서울,서울 노원,74,1265,634,12
2024-12-31,서울,서울 노원,75,1069,563,13
2024-12-31,서울,서울 노원,76,951,513,24
2024-12-31,서울,서울 노원,77,832,465,11
2024-12-31,서울,서울 노원,78,582,366,11
2024-12-31,서울,서울 노원,79,391,241,12
2024-12-31,서울,서울 노원,80,309,229,9
2024-12-31,서울,서울 노원,81,275,269,14
2024-12-31,서울,서울 노원,82,231,229,15
2024-12-31,서울,서울 노원,83,160,153,12
2024-12-31,서울,서울 노원,84,104,139,14
2024-12-31,서울,서울 노원,85,73,110,10
2024-12-31,서울,서울 노원,86,44,85,6
2024-12-31,서울,서울 노원,87,37,82,5
2024-12-31,서울,서울 노원,88,26,65,3
2024-12-31,서울,서울 노원,89,19,39,5
2024-12-31,서울,서울 노원,90,9,32,3
2024-12-31,서울,서울 노원,91,7,30,3
2024-12-31,서울,서울 노원,92,5,23,3
2024-12-31,서울,서울 노원,93,2,18,2
2024-12-31,서울,서울 노원,94,6,5,2
2024-12-31,서울,서울 노원,95,1,9,1
2024-12-31,서울,서울 노원,96,2,6,0
2024-12-31,서울,서울 노원,97,3,8,0
2024-12-31,서울,서울 노원,99,2,11,1
2024-12-31,서울,서울 도봉,16,0,13,13
2024-12-31,서울,서울 도봉,17,0,30,30
2024-12-31,서울,서울 도봉,18,77,77,15
2024-12-31,서울,서울 도봉,19,272,422,9
2024-12-31,서울,서울 도봉,20,431,662,12
2024-12-31,서울,서울 도봉,21,569,822,12
2024-12-31,서울,서울 도봉,22,640,960,7
2024-12-31,서울,서울 도봉,23,707,1271,9
2024-12-31,서울,서울 도봉,24,888,1594,12
2024-12-31,서울,서울 도봉,25,867,1639,12
2024-12-31,서울,서울 도봉,26,905,1796,15
2024-12-31,서울,서울 도봉,27,1178,1932,23
2024-12-31,서울,서울 도봉,28,1143,1895,13
2024-12-31,서울,서울 도봉,29,1298,2013,11
2024-12-31,서울,서울 도봉,30,1383,1971,13
2024-12-31,서울,서울 도봉,31,1482,1922,15
2024-12-31,서울,서울 도봉,32,1561,1900,10
2024-12-31,서울,서울 도봉,33,1606,1789,6
2024-12-31,서울,서울 도봉,34,1545,1559,14
2024-12-31,서울,서울 도봉,35,1511,1534,3
2024-12-31,서울,서울 도봉,36,1502,1447,6
2024-12-31,서울,서울 도봉,37,1537,1376,11
2024-12-31,서울,서울 도봉,38,1552,1295,6
2024-12-31,서울,서울 도봉,39,1715,1360,10
2024-12-31,서울,서울 도봉,40,1836,1218,5
2024-12-31,서울,서울 도봉,41,2088,1343,13
2024-12-31,서울,서울 도봉,42,2242,1424,7
2024-12-31,서울,서울 도봉,43,2411,1399,8
2024-12-31,서울,서울 도봉,44,2440,1375,8
2024-12-31,서울,서울 도봉,45,2343,1357,12
2024-12-31,서울,서울 도봉,46,2009,1140,7
2024-12-31,서울,서울 도봉,47,2275,1275,7
2024-12-31,서울,서울 도봉,48,2332,1260,8
2024-12-31,서울,서울 도봉,49,2344,1387,6
2024-12-31,서울,서울 도봉,50,2705,1418,13
2024-12-31,서울,서울 도봉,51,2800,1555,10
2024-12-31,서울,서울 도봉,52,2885,1537,10
2024-12-31,서울,서울 도봉,53,3257,1679,12
2024-12-31,서울,서울 도봉,54,3255,1555,17
2024-12-31,서울,서울 도봉,55,3024,1583,12
2024-12-31,서울,서울 도봉,56,3122,1595,12
2024-12-31,서울,서울 도봉,57,2833,1486,15
2024-12-31,서울,서울 도봉,58,2747,1315,15
2024-12-31,서울,서울 도봉,59,2747,1378,24
2024-12-31,서울,서울 도봉,60,2780,1390,25
2024-12-31,서울,서울 도봉,61,2696,1241,17
2024-12-31,서울,서울 도봉,62,2911,1335,18
2024-12-31,서울,서울 도봉,63,2931,1445,21
2024-12-31,서울,서울 도봉,64,3050,1469,24
2024-12-31,서울,서울 도봉,65,2833,1324,25
2024-12-31,서울,서울 도봉,66,2595,1225,21
2024-12-31,서울,서울 도봉,67,2633,1176,18
2024-12-31,서울,서울 도봉,68,2341,1032,13
2024-12-31,서울,서울 도봉,69,2367,1077,18
2024-12-31,서울,서울 도봉,70,1900,813,16
2024-12-31,서울,서울 도봉,71,1504,626,19
2024-12-31,서울,서울 도봉,72,1513,664,25
2024-12-31,서울,서울 도봉,73,956,422,9
2024-12-31,서울,서울 도봉,74,943,434,16
2024-12-31,서울,서울 도봉,75,803,386,17
2024-12-31,서울,서울 도봉,76,793,386,9
2024-12-31,서울,서울 도봉,77,661,363,9
2024-12-31,서울,서울 도봉,78,455,235,5
2024-12-31,서울,서울 도봉,79,321,214,12
2024-12-31,서울,서울 도봉,80,247,178,11
2024-12-31,서울,서울 도봉,81,209,162,14
2024-12-31,서울,서울 도봉,82,181,181,13
2024-12-31,서울,서울 도봉,83,144,147,10
2024-12-31,서울,서울 도봉,84,83,108,5
2024-12-31,서울,서울 도봉,85,50,81,4
2024-12-31,서울,서울 도봉,86,40,64,7
2024-12-31,서울,서울 도봉,87,24,59,5
2024-12-31,서울,서울 도봉,88,13,48,3
2024-12-31,서울,서울 도봉,89,17,41,4
2024-12-31,서울,서울 도봉,90,11,24,4
2024-12-31,서울,서울 도봉,91,3,22,1
2024-12-31,서울,서울 도봉,92,2,21,2
2024-12-31,서울,서울 도봉,93,3,10,0
2024-12-31,서울,서울 도봉,94,2,5,1
2024-12-31,서울,서울 도봉,95,1,9,0
2024-12-31,서울,서울 도봉,96,1,4,0
2024-12-31,서울,서울 도봉,97,2,2,0
2024-12-31,서울,서울 도봉,98,0,1,1
2024-12-31,서울,서울 도봉,99,2,6,0
2024-12-31,서울,서울 동대문,2,0,1,0
2024-12-31,서울,서울 동대문,16,0,10,10
2024-12-31,서울,서울 동대문,17,0,30,30
2024-12-31,서울,서울 동대문,18,58,94,8
2024-12-31,서울,서울 동대문,19,340,617,15
2024-12-31,서울,서울 동대문,20,498,1069,19
2024-12-31,서울,서울 동대문,21,706,1547,20
2024-12-31,서울,서울 동대문,22,944,1963,20
2024-12-31,서울,서울 동대문,23,1239,2732,38
2024-12-31,서울,서울 동대문,24,1548,3328,61
2024-12-31,서울,서울 동대문,25,1450,3403,42
2024-12-31,서울,서울 동대문,26,1517,3515,44
2024-12-31,서울,서울 동대문,27,1705,3598,38
2024-12-31,서울,서울 동대문,28,1697,3558,43
2024-12-31,서울,서울 동대문,29,1835,3393,32
2024-12-31,서울,서울 동대문,30,1962,3316,35
2024-12-31,서울,서울 동대문,31,2038,3155,20
2024-12-31,서울,서울 동대문,32,2164,2845,25
2024-12-31,서울,서울 동대문,33,2165,2782,11
2024-12-31,서울,서울 동대문,34,2104,2533,25
2024-12-31,서울,서울 동대문,35,2053,2486,10
2024-12-31,서울,서울 동대문,36,1999,2303,15
2024-12-31,서울,서울 동대문,37,2088,2219,22
2024-12-31,서울,서울 동대문,38,2177,2003,20
2024-12-31,서울,서울 동대문,39,2177,1953,20
2024-12-31,서울,서울 동대문,40,2310,1788,13
2024-12-31,서울,서울 동대문,41,2713,1902,13
2024-12-31,서울,서울 동대문,42,2796,1944,13
2024-12-31,서울,서울 동대문,43,2864,1833,12
2024-12-31,서울,서울 동대문,44,2768,1818,10
2024-12-31,서울,서울 동대문,45,2705,1712,21
2024-12-31,서울,서울 동대문,46,2385,1465,6
2024-12-31,서울,서울 동대문,47,2358,1661,12
2024-12-31,서울,서울 동대문,48,2397,1453,6
2024-12-31,서울,서울 동대문,49,2523,1547,17
2024-12-31,서울,서울 동대문,50,2667,1652,19
2024-12-31,서울,서울 동대문,51,2718,1695,19
2024-12-31,서울,서울 동대문,52,2864,1760,21
2024-12-31,서울,서울 동대문,53,2988,1838,15
2024-12-31,서울,서울 동대문,54,2874,1787,29
2024-12-31,서울,서울 동대문,55,2909,1701,16
2024-12-31,서울,서울 동대문,56,2673,1610,20
2024-12-31,서울,서울 동대문,57,2578,1452,17
2024-12-31,서울,서울 동대문,58,2430,1332,38
2024-12-31,서울,서울 동대문,59,2492,1396,27
2024-12-31,서울,서울 동대문,60,2359,1412,37
2024-12-31,서울,서울 동대문,61,2244,1280,30
2024-12-31,서울,서울 동대문,62,2359,1398,36
2024-12-31,서울,서울 동대문,63,2395,1403,41
2024-12-31,서울,서울 동대문,64,2395,1365,42
2024-12-31,서울,서울 동대문,65,2274,1252,43
2024-12-31,서울,서울 동대문,66,2152,1147,37
2024-12-31,서울,서울 동대문,67,2078,1175,29
2024-12-31,서울,서울 동대문,68,1761,1086,40
2024-12-31,서울,서울 동대문,69,1784,1067,37
2024-12-31,서울,서울 동대문,70,1515,828,34
2024-12-31,서울,서울 동대문,71,1284,696,37
2024-12-31,서울,서울 동대문,72,1199,712,35
2024-12-31,서울,서울 동대문,73,746,439,19
2024-12-31,서울,서울 동대문,74,790,470,30
2024-12-31,서울,서울 동대문,75,707,414,15
2024-12-31,서울,서울 동대문,76,600,401,30
2024-12-31,서울,서울 동대문,77,524,393,20
2024-12-31,서울,서울 동대문,78,385,301,18
2024-12-31,서울,서울 동대문,79,279,262,20
2024-12-31,서울,서울 동대문,80,229,199,11
2024-12-31,서울,서울 동대문,81,219,196,14
2024-12-31,서울,서울 동대문,82,172,171,9
2024-12-31,서울,서울 동대문,83,134,167,12
2024-12-31,서울,서울 동대문,84,74,129,11
2024-12-31,서울,서울 동대문,85,70,72,3
2024-12-31,서울,서울 동대문,86,48,81,6
2024-12-31,서울,서울 동대문,87,39,66,1
2024-12-31,서울,서울 동대문,88,18,44,4
2024-12-31,서울,서울 동대문,89,8,36,2
2024-12-31,서울,서울 동대문,90,9,39,4
2024-12-31,서울,서울 동대문,91,7,17,3
2024-12-31,서울,서울 동대문,92,6,19,3
2024-12-31,서울,서울 동대문,93,7,12,2
2024-12-31,서울,서울 동대문,94,6,10,1
2024-12-31,서울,서울 동대문,95,3,8,0
2024-12-31,서울,서울 동대문,96,3,7,0
2024-12-31,서울,서울 동대문,97,0,1,0
2024-12-31,서울,서울 동대문,98,3,5,0
2024-12-31,서울,서울 동대문,99,8,17,0
2024-12-31,서울,서울 동작,16,0,11,11
2024-12-31,서울,서울 동작,17,0,17,17
2024-12-31,서울,서울 동작,18,65,82,20
2024-12-31,서울,서울 동작,19,373,588,15
2024-12-31,서울,서울 동작,20,540,1026,29
2024-12-31,서울,서울 동작,21,718,1349,21
2024-12-31,서울,서울 동작,22,928,1756,12
2024-12-31,서울,서울 동작,23,1322,2469,15
2024-12-31,서울,서울 동작,24,1554,3158,28
2024-12-31,서울,서울 동작,25,1734,3486,16
2024-12-31,서울,서울 동작,26,2056,3696,14
2024-12-31,서울,서울 동작,27,2148,3939,23
2024-12-31,서울,서울 동작,28,2327,4058,22
2024-12-31,서울,서울 동작,29,2485,3923,17
2024-12-31,서울,서울 동작,30,2579,3795,17
2024-12-31,서울,서울 동작,31,2537,3723,17
2024-12-31,서울,서울 동작,32,2709,3562,14
2024-12-31,서울,서울 동작,33,2620,3374,16
2024-12-31,서울,서울 동작,34,2434,2916,10
2024-12-31,서울,서울 동작,35,2397,2748,11
2024-12-31,서울,서울 동작,36,2345,2772,10
2024-12-31,서울,서울 동작,37,2272,2487,8
2024-12-31,서울,서울 동작,38,2339,2257,10
2024-12-31,서울,서울 동작,39,2543,2257,9
2024-12-31,서울,서울 동작,40,2467,2115,7
2024-12-31,서울,서울 동작,41,2803,2115,9
2024-12-31,서울,서울 동작,42,3020,2159,10
2024-12-31,서울,서울 동작,43,3073,2060,8
2024-12-31,서울,서울 동작,44,3029,2099,13
2024-12-31,서울,서울 동작,45,2909,2115,8
2024-12-31,서울,서울 동작,46,2540,1740,10
2024-12-31,서울,서울 동작,47,2659,1948,11
2024-12-31,서울,서울 동작,48,2817,1948,4
2024-12-31,서울,서울 동작,49,2703,1964,9
2024-12-31,서울,서울 동작,50,2926,2174,15
2024-12-31,서울,서울 동작,51,2972,2247,11
2024-12-31,서울,서울 동작,52,3006,2339,12
2024-12-31,서울,서울 동작,53,3255,2422,9
2024-12-31,서울,서울 동작,54,3092,2369,9
2024-12-31,서울,서울 동작,55,3034,2336,23
2024-12-31,서울,서울 동작,56,2944,2165,16
2024-12-31,서울,서울 동작,57,2681,2008,11
2024-12-31,서울,서울 동작,58,2477,1788,9
2024-12-31,서울,서울 동작,59,2495,1877,17
2024-12-31,서울,서울 동작,60,2595,1849,16
2024-12-31,서울,서울 동작,61,2360,1808,18
2024-12-31,서울,서울 동작,62,2516,1837,13
2024-12-31,서울,서울 동작,63,2415,1855,22
2024-12-31,서울,서울 동작,64,2474,1942,18
2024-12-31,서울,서울 동작,65,2337,1723,22
2024-12-31,서울,서울 동작,66,2143,1579,22
2024-12-31,서울,서울 동작,67,2064,1630,18
2024-12-31,서울,서울 동작,68,1804,1481,20
2024-12-31,서울,서울 동작,69,1888,1495,19
2024-12-31,서울,서울 동작,70,1456,1195,16
2024-12-31,서울,서울 동작,71,1224,1003,20
2024-12-31,서울,서울 동작,72,1336,1040,21
2024-12-31,서울,서울 동작,73,806,689,22
2024-12-31,서울,서울 동작,74,837,678,14
2024-12-31,서울,서울 동작,75,692,674,11
2024-12-31,서울,서울 동작,76,637,629,16
2024-12-31,서울,서울 동작,77,612,624,17
2024-12-31,서울,서울 동작,78,400,441,13
2024-12-31,서울,서울 동작,79,288,340,7
2024-12-31,서울,서울 동작,80,232,301,9
2024-12-31,서울,서울 동작,81,190,276,9
2024-12-31,서울,서울 동작,82,176,312,9
2024-12-31,서울,서울 동작,83,122,237,6
2024-12-31,서울,서울 동작,84,83,182,7
2024-12-31,서울,서울 동작,85,68,132,4
2024-12-31,서울,서울 동작,86,43,108,1
2024-12-31,서울,서울 동작,87,35,94,8
2024-12-31,서울,서울 동작,88,19,80,3
2024-12-31,서울,서울 동작,89,10,62,4
2024-12-31,서울,서울 동작,90,9,49,3
2024-12-31,서울,서울 동작,91,7,32,0
2024-12-31,서울,서울 동작,92,5,24,1
2024-12-31,서울,서울 동작,93,5,12,0
2024-12-31,서울,서울 동작,94,6,9,0
2024-12-31,서울,서울 동작,95,4,16,0
2024-12-31,서울,서울 동작,96,3,4,0
2024-12-31,서울,서울 동작,97,1,4,0
2024-12-31,서울,서울 동작,98,2,2,0
2024-12-31,서울,서울 동작,99,7,17,0
2024-12-31,서울,서울 마포,16,0,12,12
2024-12-31,서울,서울 마포,17,0,28,28
2024-12-31,서울,서울 마포,18,56,103,10
2024-12-31,서울,서울 마포,19,257,468,8
2024-12-31,서울,서울 마포,20,419,954,9
2024-12-31,서울,서울 마포,21,564,1279,11
2024-12-31,서울,서울 마포,22,668,1581,12
2024-12-31,서울,서울 마포,23,923,2312,19
2024-12-31,서울,서울 마포,24,1192,2992,22
2024-12-31,서울,서울 마포,25,1221,3286,25
2024-12-31,서울,서울 마포,26,1387,3571,20
2024-12-31,서울,서울 마포,27,1671,4010,32
2024-12-31,서울,서울 마포,28,1814,4014,20
2024-12-31,서울,서울 마포,29,2052,4101,30
2024-12-31,서울,서울 마포,30,2227,4159,23
2024-12-31,서울,서울 마포,31,2412,4069,29
2024-12-31,서울,서울 마포,32,2525,4105,25
2024-12-31,서울,서울 마포,33,2552,3795,17
2024-12-31,서울,서울 마포,34,2328,3379,16
2024-12-31,서울,서울 마포,35,2217,3230,16
2024-12-31,서울,서울 마포,36,2455,2994,5
2024-12-31,서울,서울 마포,37,2378,2855,5
2024-12-31,서울,서울 마포,38,2526,2895,6
2024-12-31,서울,서울 마포,39,2693,2521,6
2024-12-31,서울,서울 마포,40,2759,2439,6
2024-12-31,서울,서울 마포,41,2958,2561,8
2024-12-31,서울,서울 마포,42,3184,2599,12
2024-12-31,서울,서울 마포,43,3308,2327,9
2024-12-31,서울,서울 마포,44,3088,2183,10
2024-12-31,서울,서울 마포,45,3012,2348,10
2024-12-31,서울,서울 마포,46,2653,1944,9
2024-12-31,서울,서울 마포,47,2812,2145,5
2024-12-31,서울,서울 마포,48,2772,2150,5
2024-12-31,서울,서울 마포,49,2893,2119,11
2024-12-31,서울,서울 마포,50,3095,2199,8
2024-12-31,서울,서울 마포,51,3268,2309,9
2024-12-31,서울,서울 마포,52,3326,2298,11
2024-12-31,서울,서울 마포,53,3403,2324,11
2024-12-31,서울,서울 마포,54,3208,2199,13
2024-12-31,서울,서울 마포,55,3230,2139,15
2024-12-31,서울,서울 마포,56,2970,1972,12
2024-12-31,서울,서울 마포,57,2590,1819,14
2024-12-31,서울,서울 마포,58,2451,1480,16
2024-12-31,서울,서울 마포,59,2542,1635,16
2024-12-31,서울,서울 마포,60,2328,1630,16
2024-12-31,서울,서울 마포,61,2203,1488,19
2024-12-31,서울,서울 마포,62,2398,1447,24
2024-12-31,서울,서울 마포,63,2350,1434,29
2024-12-31,서울,서울 마포,64,2342,1499,21
2024-12-31,서울,서울 마포,65,2131,1338,21
2024-12-31,서울,서울 마포,66,1853,1205,22
2024-12-31,서울,서울 마포,67,1826,1185,16
2024-12-31,서울,서울 마포,68,1600,1108,13
2024-12-31,서울,서울 마포,69,1615,1059,20
2024-12-31,서울,서울 마포,70,1287,783,17
2024-12-31,서울,서울 마포,71,1033,727,12
2024-12-31,서울,서울 마포,72,1049,762,15
2024-12-31,서울,서울 마포,73,649,413,10
2024-12-31,서울,서울 마포,74,677,451,9
2024-12-31,서울,서울 마포,75,580,501,10
2024-12-31,서울,서울 마포,76,498,435,11
2024-12-31,서울,서울 마포,77,479,415,14
2024-12-31,서울,서울 마포,78,296,286,9
2024-12-31,서울,서울 마포,79,249,287,7
2024-12-31,서울,서울 마포,80,239,238,8
2024-12-31,서울,서울 마포,81,188,213,7
2024-12-31,서울,서울 마포,82,191,230,2
2024-12-31,서울,서울 마포,83,128,203,10
2024-12-31,서울,서울 마포,84,73,163,5
2024-12-31,서울,서울 마포,85,58,140,4
2024-12-31,서울,서울 마포,86,51,97,5
2024-12-31,서울,서울 마포,87,40,97,3
2024-12-31,서울,서울 마포,88,29,69,1
2024-12-31,서울,서울 마포,89,9,61,4
2024-12-31,서울,서울 마포,90,15,35,1
2024-12-31,서울,서울 마포,91,6,32,2
2024-12-31,서울,서울 마포,92,5,23,0
2024-12-31,서울,서울 마포,93,4,17,0
2024-12-31,서울,서울 마포,94,3,14,0
2024-12-31,서울,서울 마포,95,2,14,0
2024-12-31,서울,서울 마포,96,4,7,0
2024-12-31,서울,서울 마포,97,3,5,0
2024-12-31,서울,서울 마포,98,1,2,0
2024-12-31,서울,서울 마포,99,7,22,0
2024-12-31,서울,서울 서대문,16,0,6,6
2024-12-31,서울,서울 서대문,17,0,17,17
2024-12-31,서울,서울 서대문,18,62,78,5
2024-12-31,서울,서울 서대문,19,247,468,7
2024-12-31,서울,서울 서대문,20,385,944,16
2024-12-31,서울,서울 서대문,21,581,1204,16
2024-12-31,서울,서울 서대문,22,720,1568,16
2024-12-31,서울,서울 서대문,23,861,2172,27
2024-12-31,서울,서울 서대문,24,1057,2569,36
2024-12-31,서울,서울 서대문,25,1078,2707,18
2024-12-31,서울,서울 서대문,26,1178,2774,29
2024-12-31,서울,서울 서대문,27,1310,2925,30
2024-12-31,서울,서울 서대문,28,1464,2940,19
2024-12-31,서울,서울 서대문,29,1554,2812,18
2024-12-31,서울,서울 서대문,30,1586,2780,23
2024-12-31,서울,서울 서대문,31,1661,2711,20
2024-12-31,서울,서울 서대문,32,1777,2558,21
2024-12-31,서울,서울 서대문,33,1820,2575,13
2024-12-31,서울,서울 서대문,34,1706,2316,9
2024-12-31,서울,서울 서대문,35,1671,2179,11
2024-12-31,서울,서울 서대문,36,1691,2160,10
2024-12-31,서울,서울 서대문,37,1853,2064,6
2024-12-31,서울,서울 서대문,38,1907,1938,17
2024-12-31,서울,서울 서대문,39,2046,1895,9
2024-12-31,서울,서울 서대문,40,2073,1709,9
2024-12-31,서울,서울 서대문,41,2364,1781,9
2024-12-31,서울,서울 서대문,42,2560,1874,14
2024-12-31,서울,서울 서대문,43,2603,1776,11
2024-12-31,서울,서울 서대문,44,2458,1704,5
2024-12-31,서울,서울 서대문,45,2370,1710,9
2024-12-31,서울,서울 서대문,46,2160,1463,7
2024-12-31,서울,서울 서대문,47,2221,1667,8
2024-12-31,서울,서울 서대문,48,2196,1533,5
2024-12-31,서울,서울 서대문,49,2340,1522,8
2024-12-31,서울,서울 서대문,50,2554,1747,9
2024-12-31,서울,서울 서대문,51,2497,1804,5
2024-12-31,서울,서울 서대문,52,2717,1806,11
2024-12-31,서울,서울 서대문,53,2956,1929,10
2024-12-31,서울,서울 서대문,54,2792,1884,12
2024-12-31,서울,서울 서대문,55,2796,1786,16
2024-12-31,서울,서울 서대문,56,2630,1715,12
2024-12-31,서울,서울 서대문,57,2397,1602,6
2024-12-31,서울,서울 서대문,58,2281,1315,11
2024-12-31,서울,서울 서대문,59,2390,1464,13
2024-12-31,서울,서울 서대문,60,2235,1367,15
2024-12-31,서울,서울 서대문,61,2159,1336,17
2024-12-31,서울,서울 서대문,62,2196,1347,18
2024-12-31,서울,서울 서대문,63,2263,1337,27
2024-12-31,서울,서울 서대문,64,2206,1334,19
2024-12-31,서울,서울 서대문,65,2125,1240,24
2024-12-31,서울,서울 서대문,66,1958,1139,18
2024-12-31,서울,서울 서대문,67,1817,1116,21
2024-12-31,서울,서울 서대문,68,1534,1060,18
2024-12-31,서울,서울 서대문,69,1612,1000,17
2024-12-31,서울,서울 서대문,70,1278,752,10
2024-12-31,서울,서울 서대문,71,1085,658,16
2024-12-31,서울,서울 서대문,72,1041,641,11
2024-12-31,서울,서울 서대문,73,651,394,14
2024-12-31,서울,서울 서대문,74,665,486,14
2024-12-31,서울,서울 서대문,75,625,448,12
2024-12-31,서울,서울 서대문,76,484,403,19
2024-12-31,서울,서울 서대문,77,471,380,13
2024-12-31,서울,서울 서대문,78,361,291,8
2024-12-31,서울,서울 서대문,79,287,241,8
2024-12-31,서울,서울 서대문,80,200,195,7
2024-12-31,서울,서울 서대문,81,169,200,5
2024-12-31,서울,서울 서대문,82,180,231,10
2024-12-31,서울,서울 서대문,83,132,169,12
2024-12-31,서울,서울 서대문,84,68,135,7
2024-12-31,서울,서울 서대문,85,72,129,7
2024-12-31,서울,서울 서대문,86,37,106,4
2024-12-31,서울,서울 서대문,87,37,93,2
2024-12-31,서울,서울 서대문,88,24,62,1
2024-12-31,서울,서울 서대문,89,22,47,6
2024-12-31,서울,서울 서대문,90,23,39,2
2024-12-31,서울,서울 서대문,91,7,20,0
2024-12-31,서울,서울 서대문,92,5,24,1
2024-12-31,서울,서울 서대문,93,5,22,0
2024-12-31,서울,서울 서대문,94,4,13,2
2024-12-31,서울,서울 서대문,95,4,12,0
2024-12-31,서울,서울 서대문,96,6,10,0
2024-12-31,서울,서울 서대문,97,1,6,0
2024-12-31,서울,서울 서대문,98,3,3,0
2024-12-31,서울,서울 서대문,99,5,13,0
2024-12-31,서울,서울 서초,16,0,7,7
2024-12-31,서울,서울 서초,17,0,19,19
2024-12-31,서울,서울 서초,18,57,128,10
2024-12-31,서울,서울 서초,19,257,792,8
2024-12-31,서울,서울 서초,20,373,1396,4
2024-12-31,서울,서울 서초,21,459,1673,8
2024-12-31,서울,서울 서초,22,527,1817,3
2024-12-31,서울,서울 서초,23,569,2221,2
2024-12-31,서울,서울 서초,24,658,2810,10
2024-12-31,서울,서울 서초,25,677,2976,14
2024-12-31,서울,서울 서초,26,850,3042,6
2024-12-31,서울,서울 서초,27,1048,3329,5
2024-12-31,서울,서울 서초,28,1214,3558,7
2024-12-31,서울,서울 서초,29,1282,3562,12
2024-12-31,서울,서울 서초,30,1497,3680,8
2024-12-31,서울,서울 서초,31,1522,3629,6
2024-12-31,서울,서울 서초,32,1681,3730,8
2024-12-31,서울,서울 서초,33,1701,3635,4
2024-12-31,서울,서울 서초,34,1732,3332,8
2024-12-31,서울,서울 서초,35,1720,3419,8
2024-12-31,서울,서울 서초,36,1838,3309,10
2024-12-31,서울,서울 서초,37,1921,3293,3
2024-12-31,서울,서울 서초,38,2084,3239,6
2024-12-31,서울,서울 서초,39,2291,3274,6
2024-12-31,서울,서울 서초,40,2523,3226,7
2024-12-31,서울,서울 서초,41,2900,3609,5
2024-12-31,서울,서울 서초,42,3167,3849,4
2024-12-31,서울,서울 서초,43,3456,3932,5
2024-12-31,서울,서울 서초,44,3395,4140,4
2024-12-31,서울,서울 서초,45,3508,4126,10
2024-12-31,서울,서울 서초,46,2918,3646,4
2024-12-31,서울,서울 서초,47,3299,3931,4
2024-12-31,서울,서울 서초,48,3339,3738,7
2024-12-31,서울,서울 서초,49,3368,3729,5
2024-12-31,서울,서울 서초,50,3678,3837,7
2024-12-31,서울,서울 서초,51,3553,3910,11
2024-12-31,서울,서울 서초,52,3596,3865,9
2024-12-31,서울,서울 서초,53,3650,3785,13
2024-12-31,서울,서울 서초,54,3619,3655,14
2024-12-31,서울,서울 서초,55,3451,3328,16
2024-12-31,서울,서울 서초,56,3095,3020,6
2024-12-31,서울,서울 서초,57,2789,2922,5
2024-12-31,서울,서울 서초,58,2428,2243,6
2024-12-31,서울,서울 서초,59,2603,2497,11
2024-12-31,서울,서울 서초,60,2495,2486,7
2024-12-31,서울,서울 서초,61,2301,2359,5
2024-12-31,서울,서울 서초,62,2344,2278,10
2024-12-31,서울,서울 서초,63,2313,2417,12
2024-12-31,서울,서울 서초,64,2255,2496,8
2024-12-31,서울,서울 서초,65,2244,2381,5
2024-12-31,서울,서울 서초,66,2238,2238,7
2024-12-31,서울,서울 서초,67,2105,2334,5
2024-12-31,서울,서울 서초,68,1811,2218,3
2024-12-31,서울,서울 서초,69,1939,2297,4
2024-12-31,서울,서울 서초,70,1595,1748,10
2024-12-31,서울,서울 서초,71,1406,1766,6
2024-12-31,서울,서울 서초,72,1340,1739,10
2024-12-31,서울,서울 서초,73,858,1193,3
2024-12-31,서울,서울 서초,74,946,1255,4
2024-12-31,서울,서울 서초,75,877,1297,3
2024-12-31,서울,서울 서초,76,805,1308,2
2024-12-31,서울,서울 서초,77,680,1165,4
2024-12-31,서울,서울 서초,78,511,961,4
2024-12-31,서울,서울 서초,79,350,795,5
2024-12-31,서울,서울 서초,80,300,699,6
2024-12-31,서울,서울 서초,81,269,614,3
2024-12-31,서울,서울 서초,82,249,597,8
2024-12-31,서울,서울 서초,83,139,457,3
2024-12-31,서울,서울 서초,84,130,356,1
2024-12-31,서울,서울 서초,85,96,309,2
2024-12-31,서울,서울 서초,86,56,201,1
2024-12-31,서울,서울 서초,87,53,189,1
2024-12-31,서울,서울 서초,88,32,149,0
2024-12-31,서울,서울 서초,89,19,123,2
2024-12-31,서울,서울 서초,90,17,66,0
2024-12-31,서울,서울 서초,91,13,63,0
2024-12-31,서울,서울 서초,92,12,55,1
2024-12-31,서울,서울 서초,93,7,29,0
2024-12-31,서울,서울 서초,94,4,19,0
2024-12-31,서울,서울 서초,95,5,16,0
2024-12-31,서울,서울 서초,96,3,9,0
2024-12-31,서울,서울 서초,97,5,16,0
2024-12-31,서울,서울 서초,98,1,8,0
2024-12-31,서울,서울 서초,99,11,31,0
2024-12-31,서울,서울 성동,16,0,8,8
2024-12-31,서울,서울 성동,17,0,12,12
2024-12-31,서울,서울 성동,18,50,80,14
2024-12-31,서울,서울 성동,19,216,442,10
2024-12-31,서울,서울 성동,20,302,732,12
2024-12-31,서울,서울 성동,21,399,943,7
2024-12-31,서울,서울 성동,22,507,1238,8
2024-12-31,서울,서울 성동,23,648,1605,13
2024-12-31,서울,서울 성동,24,880,2120,13
2024-12-31,서울,서울 성동,25,909,2213,15
2024-12-31,서울,서울 성동,26,1031,2301,19
2024-12-31,서울,서울 성동,27,1114,2578,27
2024-12-31,서울,서울 성동,28,1299,2535,25
2024-12-31,서울,서울 성동,29,1420,2722,23
2024-12-31,서울,서울 성동,30,1438,2793,18
2024-12-31,서울,서울 성동,31,1582,2778,13
2024-12-31,서울,서울 성동,32,1722,2874,16
2024-12-31,서울,서울 성동,33,1805,2756,11
2024-12-31,서울,서울 성동,34,1738,2625,12
2024-12-31,서울,서울 성동,35,1607,2485,15
2024-12-31,서울,서울 성동,36,1723,2513,7
2024-12-31,서울,서울 성동,37,1751,2391,10
2024-12-31,서울,서울 성동,38,1914,2077,10
2024-12-31,서울,서울 성동,39,1900,1998,14
2024-12-31,서울,서울 성동,40,1975,1894,11
2024-12-31,서울,서울 성동,41,2198,1881,10
2024-12-31,서울,서울 성동,42,2337,1932,13
2024-12-31,서울,서울 성동,43,2199,1904,10
2024-12-31,서울,서울 성동,44,2162,1747,9
2024-12-31,서울,서울 성동,45,1979,1690,11
2024-12-31,서울,서울 성동,46,1721,1466,16
2024-12-31,서울,서울 성동,47,1801,1570,11
2024-12-31,서울,서울 성동,48,1845,1508,9
2024-12-31,서울,서울 성동,49,1814,1603,10
2024-12-31,서울,서울 성동,50,1964,1656,11
2024-12-31,서울,서울 성동,51,2150,1735,15
2024-12-31,서울,서울 성동,52,2067,1747,9
2024-12-31,서울,서울 성동,53,2373,1831,8
2024-12-31,서울,서울 성동,54,2299,1878,13
2024-12-31,서울,서울 성동,55,2244,1850,14
2024-12-31,서울,서울 성동,56,2237,1658,18
2024-12-31,서울,서울 성동,57,1990,1547,20
2024-12-31,서울,서울 성동,58,1824,1295,23
2024-12-31,서울,서울 성동,59,1937,1552,19
2024-12-31,서울,서울 성동,60,1884,1410,26
2024-12-31,서울,서울 성동,61,1809,1336,27
2024-12-31,서울,서울 성동,62,1907,1463,34
2024-12-31,서울,서울 성동,63,1924,1324,33
2024-12-31,서울,서울 성동,64,1906,1401,44
2024-12-31,서울,서울 성동,65,1692,1232,27
2024-12-31,서울,서울 성동,66,1596,1170,28
2024-12-31,서울,서울 성동,67,1479,1195,25
2024-12-31,서울,서울 성동,68,1267,1086,35
2024-12-31,서울,서울 성동,69,1288,1025,26
2024-12-31,서울,서울 성동,70,1023,845,16
2024-12-31,서울,서울 성동,71,877,687,26
2024-12-31,서울,서울 성동,72,845,661,23
2024-12-31,서울,서울 성동,73,521,416,16
2024-12-31,서울,서울 성동,74,565,457,15
2024-12-31,서울,서울 성동,75,500,430,8
2024-12-31,서울,서울 성동,76,398,383,11
2024-12-31,서울,서울 성동,77,396,389,10
2024-12-31,서울,서울 성동,78,283,282,11
2024-12-31,서울,서울 성동,79,178,233,7
2024-12-31,서울,서울 성동,80,177,208,6
2024-12-31,서울,서울 성동,81,133,189,5
2024-12-31,서울,서울 성동,82,132,167,8
2024-12-31,서울,서울 성동,83,93,137,5
2024-12-31,서울,서울 성동,84,56,128,4
2024-12-31,서울,서울 성동,85,45,71,1
2024-12-31,서울,서울 성동,86,26,47,2
2024-12-31,서울,서울 성동,87,18,55,3
2024-12-31,서울,서울 성동,88,16,54,4
2024-12-31,서울,서울 성동,89,7,36,1
2024-12-31,서울,서울 성동,90,4,23,1
2024-12-31,서울,서울 성동,91,13,17,3
2024-12-31,서울,서울 성동,92,3,13,1
2024-12-31,서울,서울 성동,93,0,6,0
2024-12-31,서울,서울 성동,94,3,4,0
2024-12-31,서울,서울 성동,95,0,6,0
2024-12-31,서울,서울 성동,96,2,4,0
2024-12-31,서울,서울 성동,97,1,6,0
2024-12-31,서울,서울 성동,98,0,3,0
2024-12-31,서울,서울 성동,99,2,8,0
2024-12-31,서울,서울 성북,16,0,9,9
2024-12-31,서울,서울 성북,17,0,34,34
2024-12-31,서울,서울 성북,18,109,129,23
2024-12-31,서울,서울 성북,19,472,846,11
2024-12-31,서울,서울 성북,20,711,1437,12
2024-12-31,서울,서울 성북,21,876,1904,23
2024-12-31,서울,서울 성북,22,1150,2260,21
2024-12-31,서울,서울 성북,23,1461,3000,32
2024-12-31,서울,서울 성북,24,1541,3488,44
2024-12-31,서울,서울 성북,25,1610,3367,34
2024-12-31,서울,서울 성북,26,1532,3453,29
2024-12-31,서울,서울 성북,27,1692,3577,28
2024-12-31,서울,서울 성북,28,1754,3394,28
2024-12-31,서울,서울 성북,29,1910,3329,33
2024-12-31,서울,서울 성북,30,1994,3392,34
2024-12-31,서울,서울 성북,31,2071,3138,27
2024-12-31,서울,서울 성북,32,2324,3019,24
2024-12-31,서울,서울 성북,33,2199,2985,21
2024-12-31,서울,서울 성북,34,2247,2671,12
2024-12-31,서울,서울 성북,35,2214,2652,9
2024-12-31,서울,서울 성북,36,2310,2524,11
2024-12-31,서울,서울 성북,37,2340,2416,10
2024-12-31,서울,서울 성북,38,2540,2363,20
2024-12-31,서울,서울 성북,39,2668,2221,14
2024-12-31,서울,서울 성북,40,2742,2194,15
2024-12-31,서울,서울 성북,41,3283,2294,14
2024-12-31,서울,서울 성북,42,3460,2345,17
2024-12-31,서울,서울 성북,43,3487,2426,13
2024-12-31,서울,서울 성북,44,3538,2345,13
2024-12-31,서울,서울 성북,45,3454,2368,15
2024-12-31,서울,서울 성북,46,3051,1956,15
2024-12-31,서울,서울 성북,47,3188,2171,9
2024-12-31,서울,서울 성북,48,3300,2215,13
2024-12-31,서울,서울 성북,49,3392,2239,10
2024-12-31,서울,서울 성북,50,3765,2461,18
2024-12-31,서울,서울 성북,51,3844,2678,22
2024-12-31,서울,서울 성북,52,4038,2593,19
2024-12-31,서울,서울 성북,53,4150,2719,21
2024-12-31,서울,서울 성북,54,4115,2564,15
2024-12-31,서울,서울 성북,55,3930,2460,22
2024-12-31,서울,서울 성북,56,3714,2236,29
2024-12-31,서울,서울 성북,57,3374,2101,22
2024-12-31,서울,서울 성북,58,3091,1772,34
2024-12-31,서울,서울 성북,59,3051,1842,26
2024-12-31,서울,서울 성북,60,3032,1857,24
2024-12-31,서울,서울 성북,61,2749,1730,29
2024-12-31,서울,서울 성북,62,2927,1791,32
2024-12-31,서울,서울 성북,63,2897,1773,27
2024-12-31,서울,서울 성북,64,3023,1830,45
2024-12-31,서울,서울 성북,65,2783,1574,46
2024-12-31,서울,서울 성북,66,2523,1505,28
2024-12-31,서울,서울 성북,67,2473,1470,32
2024-12-31,서울,서울 성북,68,2176,1345,39
2024-12-31,서울,서울 성북,69,2247,1347,26
2024-12-31,서울,서울 성북,70,1759,996,28
2024-12-31,서울,서울 성북,71,1483,905,31
2024-12-31,서울,서울 성북,72,1486,942,32
2024-12-31,서울,서울 성북,73,891,532,29
2024-12-31,서울,서울 성북,74,946,621,25
2024-12-31,서울,서울 성북,75,839,571,20
2024-12-31,서울,서울 성북,76,765,533,25
2024-12-31,서울,서울 성북,77,665,469,15
2024-12-31,서울,서울 성북,78,479,385,17
2024-12-31,서울,서울 성북,79,357,293,13
2024-12-31,서울,서울 성북,80,276,264,21
2024-12-31,서울,서울 성북,81,243,267,14
2024-12-31,서울,서울 성북,82,252,287,19
2024-12-31,서울,서울 성북,83,169,230,11
2024-12-31,서울,서울 성북,84,115,177,6
2024-12-31,서울,서울 성북,85,88,155,8
2024-12-31,서울,서울 성북,86,48,130,11
2024-12-31,서울,서울 성북,87,39,83,4
2024-12-31,서울,서울 성북,88,30,65,3
2024-12-31,서울,서울 성북,89,17,54,4
2024-12-31,서울,서울 성북,90,24,43,2
2024-12-31,서울,서울 성북,91,12,33,2
2024-12-31,서울,서울 성북,92,4,24,2
2024-12-31,서울,서울 성북,93,7,10,0
2024-12-31,서울,서울 성북,94,5,17,0
2024-12-31,서울,서울 성북,95,7,11,0
2024-12-31,서울,서울 성북,96,2,7,1
2024-12-31,서울,서울 성북,97,1,1,0
2024-12-31,서울,서울 성북,98,1,1,0
2024-12-31,서울,서울 성북,99,11,17,1
2024-12-31,서울,서울 송파,16,0,11,11
2024-12-31,서울,서울 송파,17,0,37,37
2024-12-31,서울,서울 송파,18,75,164,19
2024-12-31,서울,서울 송파,19,406,862,18
2024-12-31,서울,서울 송파,20,617,1535,22
2024-12-31,서울,서울 송파,21,811,1967,29
2024-12-31,서울,서울 송파,22,957,2264,18
2024-12-31,서울,서울 송파,23,1095,3079,14
2024-12-31,서울,서울 송파,24,1419,4066,21
2024-12-31,서울,서울 송파,25,1504,4341,19
2024-12-31,서울,서울 송파,26,1743,5034,27
2024-12-31,서울,서울 송파,27,2271,5527,19
2024-12-31,서울,서울 송파,28,2605,5838,28
2024-12-31,서울,서울 송파,29,3131,6212,26
2024-12-31,서울,서울 송파,30,3321,6405,20
2024-12-31,서울,서울 송파,31,3655,6387,23
2024-12-31,서울,서울 송파,32,3925,6232,15
2024-12-31,서울,서울 송파,33,3968,6179,16
2024-12-31,서울,서울 송파,34,3898,5491,18
2024-12-31,서울,서울 송파,35,3784,5358,24
2024-12-31,서울,서울 송파,36,4052,5205,11
2024-12-31,서울,서울 송파,37,4093,5112,10
2024-12-31,서울,서울 송파,38,4314,4900,9
2024-12-31,서울,서울 송파,39,4529,4717,12
2024-12-31,서울,서울 송파,40,4639,4707,15
2024-12-31,서울,서울 송파,41,5422,4881,8
2024-12-31,서울,서울 송파,42,5943,5085,7
2024-12-31,서울,서울 송파,43,5980,5011,10
2024-12-31,서울,서울 송파,44,5868,4918,9
2024-12-31,서울,서울 송파,45,5756,4831,15
2024-12-31,서울,서울 송파,46,4844,3920,6
2024-12-31,서울,서울 송파,47,5103,4261,11
2024-12-31,서울,서울 송파,48,5082,3918,11
2024-12-31,서울,서울 송파,49,5116,3925,12
2024-12-31,서울,서울 송파,50,5429,4166,11
2024-12-31,서울,서울 송파,51,5261,4285,11
2024-12-31,서울,서울 송파,52,5537,4269,21
2024-12-31,서울,서울 송파,53,5811,4461,17
2024-12-31,서울,서울 송파,54,5672,4152,24
2024-12-31,서울,서울 송파,55,5411,4059,17
2024-12-31,서울,서울 송파,56,5385,3915,15
2024-12-31,서울,서울 송파,57,5007,3681,20
2024-12-31,서울,서울 송파,58,4608,3124,15
2024-12-31,서울,서울 송파,59,4787,3500,17
2024-12-31,서울,서울 송파,60,4737,3485,22
2024-12-31,서울,서울 송파,61,4566,3276,16
2024-12-31,서울,서울 송파,62,4696,3430,23
2024-12-31,서울,서울 송파,63,4791,3509,12
2024-12-31,서울,서울 송파,64,4846,3642,27
2024-12-31,서울,서울 송파,65,4570,3378,28
2024-12-31,서울,서울 송파,66,4115,3143,20
2024-12-31,서울,서울 송파,67,4131,3305,21
2024-12-31,서울,서울 송파,68,3594,2952,25
2024-12-31,서울,서울 송파,69,3789,3229,26
2024-12-31,서울,서울 송파,70,3055,2497,15
2024-12-31,서울,서울 송파,71,2540,2217,11
2024-12-31,서울,서울 송파,72,2544,2273,15
2024-12-31,서울,서울 송파,73,1623,1388,17
2024-12-31,서울,서울 송파,74,1605,1559,9
2024-12-31,서울,서울 송파,75,1479,1442,14
2024-12-31,서울,서울 송파,76,1201,1371,15
2024-12-31,서울,서울 송파,77,1043,1257,8
2024-12-31,서울,서울 송파,78,765,934,9
2024-12-31,서울,서울 송파,79,490,682,6
2024-12-31,서울,서울 송파,80,410,596,3
2024-12-31,서울,서울 송파,81,308,571,7
2024-12-31,서울,서울 송파,82,293,534,15
2024-12-31,서울,서울 송파,83,184,414,5
2024-12-31,서울,서울 송파,84,117,302,4
2024-12-31,서울,서울 송파,85,103,251,7
2024-12-31,서울,서울 송파,86,56,181,3
2024-12-31,서울,서울 송파,87,35,163,3
2024-12-31,서울,서울 송파,88,29,138,2
2024-12-31,서울,서울 송파,89,30,99,0
2024-12-31,서울,서울 송파,90,19,74,1
2024-12-31,서울,서울 송파,91,11,47,1
2024-12-31,서울,서울 송파,92,10,31,0
2024-12-31,서울,서울 송파,93,7,20,0
2024-12-31,서울,서울 송파,94,5,18,0
2024-12-31,서울,서울 송파,95,4,22,0
2024-12-31,서울,서울 송파,96,1,6,0
2024-12-31,서울,서울 송파,97,3,8,0
2024-12-31,서울,서울 송파,98,1,9,0
2024-12-31,서울,서울 송파,99,12,28,1
2024-12-31,서울,서울 양천,16,0,9,9
2024-12-31,서울,서울 양천,17,0,16,16
2024-12-31,서울,서울 양천,18,98,116,10
2024-12-31,서울,서울 양천,19,416,672,12
2024-12-31,서울,서울 양천,20,662,1048,16
2024-12-31,서울,서울 양천,21,791,1324,11
2024-12-31,서울,서울 양천,22,784,1492,9
2024-12-31,서울,서울 양천,23,873,1885,5
2024-12-31,서울,서울 양천,24,1061,2305,24
2024-12-31,서울,서울 양천,25,1108,2448,11
2024-12-31,서울,서울 양천,26,1236,2517,13
2024-12-31,서울,서울 양천,27,1358,2755,15
2024-12-31,서울,서울 양천,28,1497,2885,21
2024-12-31,서울,서울 양천,29,1720,2915,21
2024-12-31,서울,서울 양천,30,1719,2970,26
2024-12-31,서울,서울 양천,31,1929,2858,8
2024-12-31,서울,서울 양천,32,2057,2747,8
2024-12-31,서울,서울 양천,33,2146,2746,11
2024-12-31,서울,서울 양천,34,2062,2318,10
2024-12-31,서울,서울 양천,35,1964,2341,18
2024-12-31,서울,서울 양천,36,2022,2292,9
2024-12-31,서울,서울 양천,37,2126,2233,8
2024-12-31,서울,서울 양천,38,2274,2279,6
2024-12-31,서울,서울 양천,39,2635,2405,6
2024-12-31,서울,서울 양천,40,2809,2428,11
2024-12-31,서울,서울 양천,41,3283,2655,10
2024-12-31,서울,서울 양천,42,3731,2785,16
2024-12-31,서울,서울 양천,43,4064,2863,6
2024-12-31,서울,서울 양천,44,4196,2895,2
2024-12-31,서울,서울 양천,45,4211,2971,7
2024-12-31,서울,서울 양천,46,3703,2625,8
2024-12-31,서울,서울 양천,47,3887,2893,15
2024-12-31,서울,서울 양천,48,4042,2727,6
2024-12-31,서울,서울 양천,49,3985,2626,11
2024-12-31,서울,서울 양천,50,4359,2862,9
2024-12-31,서울,서울 양천,51,4150,2813,7
2024-12-31,서울,서울 양천,52,4368,2820,12
2024-12-31,서울,서울 양천,53,4480,2824,10
2024-12-31,서울,서울 양천,54,4254,2658,14
2024-12-31,서울,서울 양천,55,4209,2538,12
2024-12-31,서울,서울 양천,56,3851,2424,15
2024-12-31,서울,서울 양천,57,3634,2317,14
2024-12-31,서울,서울 양천,58,3423,2063,10
2024-12-31,서울,서울 양천,59,3351,2177,15
2024-12-31,서울,서울 양천,60,3386,2184,15
2024-12-31,서울,서울 양천,61,3077,2029,16
2024-12-31,서울,서울 양천,62,3380,2118,16
2024-12-31,서울,서울 양천,63,3440,2041,28
2024-12-31,서울,서울 양천,64,3419,2078,27
2024-12-31,서울,서울 양천,65,3058,2027,22
2024-12-31,서울,서울 양천,66,2746,1898,23
2024-12-31,서울,서울 양천,67,2749,1801,18
2024-12-31,서울,서울 양천,68,2376,1684,24
2024-12-31,서울,서울 양천,69,2411,1709,20
2024-12-31,서울,서울 양천,70,2081,1341,22
2024-12-31,서울,서울 양천,71,1651,1164,20
2024-12-31,서울,서울 양천,72,1669,1170,17
2024-12-31,서울,서울 양천,73,1016,700,11
2024-12-31,서울,서울 양천,74,1089,737,18
2024-12-31,서울,서울 양천,75,911,674,10
2024-12-31,서울,서울 양천,76,768,612,6
2024-12-31,서울,서울 양천,77,642,571,14
2024-12-31,서울,서울 양천,78,466,415,8
2024-12-31,서울,서울 양천,79,279,295,6
2024-12-31,서울,서울 양천,80,247,288,6
2024-12-31,서울,서울 양천,81,182,197,8
2024-12-31,서울,서울 양천,82,171,218,6
2024-12-31,서울,서울 양천,83,105,152,4
2024-12-31,서울,서울 양천,84,65,121,3
2024-12-31,서울,서울 양천,85,48,101,5
2024-12-31,서울,서울 양천,86,34,71,5
2024-12-31,서울,서울 양천,87,16,69,1
2024-12-31,서울,서울 양천,88,15,54,3
2024-12-31,서울,서울 양천,89,7,33,1
2024-12-31,서울,서울 양천,90,6,33,3
2024-12-31,서울,서울 양천,91,5,23,1
2024-12-31,서울,서울 양천,92,5,10,0
2024-12-31,서울,서울 양천,93,5,5,0
2024-12-31,서울,서울 양천,94,0,11,0
2024-12-31,서울,서울 양천,95,1,3,0
2024-12-31,서울,서울 양천,96,4,3,0
2024-12-31,서울,서울 양천,97,1,1,0
2024-12-31,서울,서울 양천,98,1,2,0
2024-12-31,서울,서울 양천,99,4,7,0
2024-12-31,서울,서울 영등포,16,0,10,10
2024-12-31,서울,서울 영등포,17,0,28,28
2024-12-31,서울,서울 영등포,18,55,83,7
2024-12-31,서울,서울 영등포,19,279,470,14
2024-12-31,서울,서울 영등포,20,374,749,14
2024-12-31,서울,서울 영등포,21,564,964,18
2024-12-31,서울,서울 영등포,22,634,1277,11
2024-12-31,서울,서울 영등포,23,759,1911,10
2024-12-31,서울,서울 영등포,24,1040,2652,10
2024-12-31,서울,서울 영등포,25,1338,3138,10
2024-12-31,서울,서울 영등포,26,1612,3669,13
2024-12-31,서울,서울 영등포,27,2050,4113,13
2024-12-31,서울,서울 영등포,28,2301,4427,10
2024-12-31,서울,서울 영등포,29,2625,4724,23
2024-12-31,서울,서울 영등포,30,3003,4720,16
2024-12-31,서울,서울 영등포,31,3076,4765,7
2024-12-31,서울,서울 영등포,32,3341,4503,11
2024-12-31,서울,서울 영등포,33,3437,4386,13
2024-12-31,서울,서울 영등포,34,3035,3900,8
2024-12-31,서울,서울 영등포,35,3116,3851,8
2024-12-31,서울,서울 영등포,36,3067,3466,11
2024-12-31,서울,서울 영등포,37,2993,3304,7
2024-12-31,서울,서울 영등포,38,3067,2975,5
2024-12-31,서울,서울 영등포,39,2989,2814,3
2024-12-31,서울,서울 영등포,40,3011,2547,8
2024-12-31,서울,서울 영등포,41,3167,2533,9
2024-12-31,서울,서울 영등포,42,3481,2570,8
2024-12-31,서울,서울 영등포,43,3247,2474,17
2024-12-31,서울,서울 영등포,44,3257,2259,18
2024-12-31,서울,서울 영등포,45,3065,2322,16
2024-12-31,서울,서울 영등포,46,2612,1920,14
2024-12-31,서울,서울 영등포,47,2778,2067,11
2024-12-31,서울,서울 영등포,48,2739,2027,8
2024-12-31,서울,서울 영등포,49,2668,2046,14
2024-12-31,서울,서울 영등포,50,2909,2116,17
2024-12-31,서울,서울 영등포,51,2995,2264,24
2024-12-31,서울,서울 영등포,52,3079,2349,19
2024-12-31,서울,서울 영등포,53,3328,2394,25
2024-12-31,서울,서울 영등포,54,3174,2287,30
2024-12-31,서울,서울 영등포,55,3181,2270,24
2024-12-31,서울,서울 영등포,56,3042,2239,21
2024-12-31,서울,서울 영등포,57,2746,2022,27
2024-12-31,서울,서울 영등포,58,2725,1829,27
2024-12-31,서울,서울 영등포,59,2807,1965,30
2024-12-31,서울,서울 영등포,60,2696,2002,27
2024-12-31,서울,서울 영등포,61,2444,1886,25
2024-12-31,서울,서울 영등포,62,2586,1963,32
2024-12-31,서울,서울 영등포,63,2490,1832,31
2024-12-31,서울,서울 영등포,64,2586,1828,32
2024-12-31,서울,서울 영등포,65,2401,1753,29
2024-12-31,서울,서울 영등포,66,2245,1577,27
2024-12-31,서울,서울 영등포,67,2038,1553,28
2024-12-31,서울,서울 영등포,68,1769,1359,19
2024-12-31,서울,서울 영등포,69,1860,1478,18
2024-12-31,서울,서울 영등포,70,1515,1113,18
2024-12-31,서울,서울 영등포,71,1175,928,26
2024-12-31,서울,서울 영등포,72,1248,929,23
2024-12-31,서울,서울 영등포,73,745,596,14
2024-12-31,서울,서울 영등포,74,812,661,14
2024-12-31,서울,서울 영등포,75,705,625,17
2024-12-31,서울,서울 영등포,76,597,588,13
2024-12-31,서울,서울 영등포,77,566,550,19
2024-12-31,서울,서울 영등포,78,395,462,10
2024-12-31,서울,서울 영등포,79,308,323,10
2024-12-31,서울,서울 영등포,80,226,297,6
2024-12-31,서울,서울 영등포,81,147,280,6
2024-12-31,서울,서울 영등포,82,164,294,8
2024-12-31,서울,서울 영등포,83,100,233,4
2024-12-31,서울,서울 영등포,84,78,189,10
2024-12-31,서울,서울 영등포,85,62,160,2
2024-12-31,서울,서울 영등포,86,42,126,5
2024-12-31,서울,서울 영등포,87,30,99,2
2024-12-31,서울,서울 영등포,88,28,96,1
2024-12-31,서울,서울 영등포,89,26,76,0
2024-12-31,서울,서울 영등포,90,13,45,0
2024-12-31,서울,서울 영등포,91,12,34,1
2024-12-31,서울,서울 영등포,92,10,29,0
2024-12-31,서울,서울 영등포,93,7,12,0
2024-12-31,서울,서울 영등포,94,4,12,0
2024-12-31,서울,서울 영등포,95,6,16,0
2024-12-31,서울,서울 영등포,96,4,17,0
2024-12-31,서울,서울 영등포,97,3,8,0
2024-12-31,서울,서울 영등포,98,0,2,0
2024-12-31,서울,서울 영등포,99,9,21,0
2024-12-31,서울,서울 용산,16,0,6,6
2024-12-31,서울,서울 용산,17,0,14,14
2024-12-31,서울,서울 용산,18,21,88,5
2024-12-31,서울,서울 용산,19,108,313,10
2024-12-31,서울,서울 용산,20,190,570,5
2024-12-31,서울,서울 용산,21,237,682,8
2024-12-31,서울,서울 용산,22,299,849,5
2024-12-31,서울,서울 용산,23,356,1110,13
2024-12-31,서울,서울 용산,24,463,1487,5
2024-12-31,서울,서울 용산,25,499,1520,5
2024-12-31,서울,서울 용산,26,637,1739,19
2024-12-31,서울,서울 용산,27,760,2006,19
2024-12-31,서울,서울 용산,28,931,2170,15
2024-12-31,서울,서울 용산,29,1054,2310,15
2024-12-31,서울,서울 용산,30,1203,2516,16
2024-12-31,서울,서울 용산,31,1239,2457,10
2024-12-31,서울,서울 용산,32,1431,2400,7
2024-12-31,서울,서울 용산,33,1414,2405,10
2024-12-31,서울,서울 용산,34,1353,2192,10
2024-12-31,서울,서울 용산,35,1316,2031,8
2024-12-31,서울,서울 용산,36,1271,2000,3
2024-12-31,서울,서울 용산,37,1237,1871,6
2024-12-31,서울,서울 용산,38,1245,1840,4
2024-12-31,서울,서울 용산,39,1406,1842,12
2024-12-31,서울,서울 용산,40,1413,1688,8
2024-12-31,서울,서울 용산,41,1495,1710,8
2024-12-31,서울,서울 용산,42,1597,1865,6
2024-12-31,서울,서울 용산,43,1593,1736,8
2024-12-31,서울,서울 용산,44,1644,1782,13
2024-12-31,서울,서울 용산,45,1412,1600,8
2024-12-31,서울,서울 용산,46,1246,1562,13
2024-12-31,서울,서울 용산,47,1350,1609,11
2024-12-31,서울,서울 용산,48,1258,1567,9
2024-12-31,서울,서울 용산,49,1318,1567,13
2024-12-31,서울,서울 용산,50,1546,1685,6
2024-12-31,서울,서울 용산,51,1502,1742,8
2024-12-31,서울,서울 용산,52,1654,1921,7
2024-12-31,서울,서울 용산,53,1767,2000,9
2024-12-31,서울,서울 용산,54,1715,1917,14
2024-12-31,서울,서울 용산,55,1758,1876,21
2024-12-31,서울,서울 용산,56,1637,1718,15
2024-12-31,서울,서울 용산,57,1495,1654,14
2024-12-31,서울,서울 용산,58,1326,1394,14
2024-12-31,서울,서울 용산,59,1416,1562,13
2024-12-31,서울,서울 용산,60,1473,1515,18
2024-12-31,서울,서울 용산,61,1399,1511,15
2024-12-31,서울,서울 용산,62,1461,1396,16
2024-12-31,서울,서울 용산,63,1374,1355,15
2024-12-31,서울,서울 용산,64,1348,1366,21
2024-12-31,서울,서울 용산,65,1271,1316,20
2024-12-31,서울,서울 용산,66,1171,1178,15
2024-12-31,서울,서울 용산,67,1136,1179,20
2024-12-31,서울,서울 용산,68,999,1078,13
2024-12-31,서울,서울 용산,69,1006,1056,15
2024-12-31,서울,서울 용산,70,809,854,16
2024-12-31,서울,서울 용산,71,695,738,8
2024-12-31,서울,서울 용산,72,609,745,15
2024-12-31,서울,서울 용산,73,385,459,9
2024-12-31,서울,서울 용산,74,431,524,12
2024-12-31,서울,서울 용산,75,378,535,12
2024-12-31,서울,서울 용산,76,361,443,6
2024-12-31,서울,서울 용산,77,323,401,5
2024-12-31,서울,서울 용산,78,210,383,8
2024-12-31,서울,서울 용산,79,183,283,6
2024-12-31,서울,서울 용산,80,132,252,4
2024-12-31,서울,서울 용산,81,116,232,5
2024-12-31,서울,서울 용산,82,121,245,6
2024-12-31,서울,서울 용산,83,80,227,5
2024-12-31,서울,서울 용산,84,67,173,5
2024-12-31,서울,서울 용산,85,50,125,2
2024-12-31,서울,서울 용산,86,43,120,2
2024-12-31,서울,서울 용산,87,27,104,4
2024-12-31,서울,서울 용산,88,25,71,1
2024-12-31,서울,서울 용산,89,31,57,1
2024-12-31,서울,서울 용산,90,16,50,2
2024-12-31,서울,서울 용산,91,11,34,1
2024-12-31,서울,서울 용산,92,8,37,0
2024-12-31,서울,서울 용산,93,17,18,1
2024-12-31,서울,서울 용산,94,7,16,0
2024-12-31,서울,서울 용산,95,7,10,1
2024-12-31,서울,서울 용산,96,7,16,0
2024-12-31,서울,서울 용산,97,3,6,0
2024-12-31,서울,서울 용산,98,1,4,0
2024-12-31,서울,서울 용산,99,13,38,0
2024-12-31,서울,서울 은평,16,0,21,21
2024-12-31,서울,서울 은평,17,0,31,31
2024-12-31,서울,서울 은평,18,116,139,29
2024-12-31,서울,서울 은평,19,414,580,16
2024-12-31,서울,서울 은평,20,664,974,23
2024-12-31,서울,서울 은평,21,798,1236,16
2024-12-31,서울,서울 은평,22,883,1515,13
2024-12-31,서울,서울 은평,23,1009,1979,20
2024-12-31,서울,서울 은평,24,1226,2662,25
2024-12-31,서울,서울 은평,25,1405,2859,17
2024-12-31,서울,서울 은평,26,1531,3047,23
2024-12-31,서울,서울 은평,27,1764,3442,26
2024-12-31,서울,서울 은평,28,1956,3574,29
2024-12-31,서울,서울 은평,29,2204,3682,33
2024-12-31,서울,서울 은평,30,2407,3716,27
2024-12-31,서울,서울 은평,31,2569,3631,23
2024-12-31,서울,서울 은평,32,2874,3465,17
2024-12-31,서울,서울 은평,33,2804,3266,26
2024-12-31,서울,서울 은평,34,2646,3002,24
2024-12-31,서울,서울 은평,35,2467,2834,18
2024-12-31,서울,서울 은평,36,2616,2614,16
2024-12-31,서울,서울 은평,37,2576,2484,11
2024-12-31,서울,서울 은평,38,2666,2366,15
2024-12-31,서울,서울 은평,39,2865,2277,15
2024-12-31,서울,서울 은평,40,2969,2219,12
2024-12-31,서울,서울 은평,41,3538,2393,19
2024-12-31,서울,서울 은평,42,3824,2439,16
2024-12-31,서울,서울 은평,43,3961,2472,17
2024-12-31,서울,서울 은평,44,3907,2401,13
2024-12-31,서울,서울 은평,45,3839,2369,17
2024-12-31,서울,서울 은평,46,3288,2027,10
2024-12-31,서울,서울 은평,47,3751,2197,17
2024-12-31,서울,서울 은평,48,3565,2134,6
2024-12-31,서울,서울 은평,49,3755,2253,14
2024-12-31,서울,서울 은평,50,4183,2404,14
2024-12-31,서울,서울 은평,51,4303,2607,15
2024-12-31,서울,서울 은평,52,4459,2426,18
2024-12-31,서울,서울 은평,53,4633,2696,21
2024-12-31,서울,서울 은평,54,4373,2539,20
2024-12-31,서울,서울 은평,55,4265,2445,14
2024-12-31,서울,서울 은평,56,4239,2345,22
2024-12-31,서울,서울 은평,57,3773,2178,21
2024-12-31,서울,서울 은평,58,3646,1886,26
2024-12-31,서울,서울 은평,59,3562,1954,32
2024-12-31,서울,서울 은평,60,3599,1947,37
2024-12-31,서울,서울 은평,61,3380,1888,32
2024-12-31,서울,서울 은평,62,3576,1989,27
2024-12-31,서울,서울 은평,63,3630,1970,34
2024-12-31,서울,서울 은평,64,3619,1992,35
2024-12-31,서울,서울 은평,65,3424,1898,37
2024-12-31,서울,서울 은평,66,3082,1669,21
2024-12-31,서울,서울 은평,67,2947,1697,32
2024-12-31,서울,서울 은평,68,2652,1524,35
2024-12-31,서울,서울 은평,69,2633,1448,33
2024-12-31,서울,서울 은평,70,2116,1186,31
2024-12-31,서울,서울 은평,71,1770,1006,25
2024-12-31,서울,서울 은평,72,1759,995,42
2024-12-31,서울,서울 은평,73,1132,704,28
2024-12-31,서울,서울 은평,74,1190,695,29
2024-12-31,서울,서울 은평,75,1022,654,20
2024-12-31,서울,서울 은평,76,879,626,25
2024-12-31,서울,서울 은평,77,880,588,26
2024-12-31,서울,서울 은평,78,561,438,23
2024-12-31,서울,서울 은평,79,416,343,10
2024-12-31,서울,서울 은평,80,309,304,17
2024-12-31,서울,서울 은평,81,285,256,7
2024-12-31,서울,서울 은평,82,259,312,22
2024-12-31,서울,서울 은평,83,191,245,23
2024-12-31,서울,서울 은평,84,145,174,11
2024-12-31,서울,서울 은평,85,94,159,11
2024-12-31,서울,서울 은평,86,68,129,9
2024-12-31,서울,서울 은평,87,41,111,7
2024-12-31,서울,서울 은평,88,30,99,11
2024-12-31,서울,서울 은평,89,25,66,1
2024-12-31,서울,서울 은평,90,12,63,2
2024-12-31,서울,서울 은평,91,10,19,3
2024-12-31,서울,서울 은평,92,8,26,5
2024-12-31,서울,서울 은평,93,6,13,1
2024-12-31,서울,서울 은평,94,2,13,0
2024-12-31,서울,서울 은평,95,3,11,0
2024-12-31,서울,서울 은평,96,5,7,0
2024-12-31,서울,서울 은평,97,3,6,0
2024-12-31,서울,서울 은평,98,0,4,0
2024-12-31,서울,서울 은평,99,4,18,1
2024-12-31,서울,서울 종로,16,0,1,1
2024-12-31,서울,서울 종로,17,0,4,4
2024-12-31,서울,서울 종로,18,33,42,5
2024-12-31,서울,서울 종로,19,112,197,5
2024-12-31,서울,서울 종로,20,146,390,3
2024-12-31,서울,서울 종로,21,206,496,4
2024-12-31,서울,서울 종로,22,236,731,13
2024-12-31,서울,서울 종로,23,353,940,21
2024-12-31,서울,서울 종로,24,461,1211,27
2024-12-31,서울,서울 종로,25,479,1381,16
2024-12-31,서울,서울 종로,26,528,1444,23
2024-12-31,서울,서울 종로,27,579,1588,13
2024-12-31,서울,서울 종로,28,665,1577,9
2024-12-31,서울,서울 종로,29,670,1550,17
2024-12-31,서울,서울 종로,30,725,1487,9
2024-12-31,서울,서울 종로,31,763,1389,11
2024-12-31,서울,서울 종로,32,823,1356,10
2024-12-31,서울,서울 종로,33,822,1252,11
2024-12-31,서울,서울 종로,34,717,1123,6
2024-12-31,서울,서울 종로,35,670,1091,9
2024-12-31,서울,서울 종로,36,660,1008,7
2024-12-31,서울,서울 종로,37,706,1013,6
2024-12-31,서울,서울 종로,38,681,890,10
2024-12-31,서울,서울 종로,39,770,930,4
2024-12-31,서울,서울 종로,40,714,897,6
2024-12-31,서울,서울 종로,41,967,957,2
2024-12-31,서울,서울 종로,42,945,999,7
2024-12-31,서울,서울 종로,43,1005,1062,8
2024-12-31,서울,서울 종로,44,996,992,4
2024-12-31,서울,서울 종로,45,982,1040,8
2024-12-31,서울,서울 종로,46,840,907,5
2024-12-31,서울,서울 종로,47,868,956,6
2024-12-31,서울,서울 종로,48,924,934,7
2024-12-31,서울,서울 종로,49,929,880,7
2024-12-31,서울,서울 종로,50,1058,1032,8
2024-12-31,서울,서울 종로,51,1079,1081,13
2024-12-31,서울,서울 종로,52,1140,1125,8
2024-12-31,서울,서울 종로,53,1285,1159,11
2024-12-31,서울,서울 종로,54,1250,1217,20
2024-12-31,서울,서울 종로,55,1179,1091,19
2024-12-31,서울,서울 종로,56,1147,1086,20
2024-12-31,서울,서울 종로,57,1085,1085,16
2024-12-31,서울,서울 종로,58,941,922,17
2024-12-31,서울,서울 종로,59,1018,910,20
2024-12-31,서울,서울 종로,60,1004,986,23
2024-12-31,서울,서울 종로,61,1001,953,21
2024-12-31,서울,서울 종로,62,1015,983,28
2024-12-31,서울,서울 종로,63,1008,938,22
2024-12-31,서울,서울 종로,64,947,931,11
2024-12-31,서울,서울 종로,65,900,839,22
2024-12-31,서울,서울 종로,66,830,759,14
2024-12-31,서울,서울 종로,67,815,740,12
2024-12-31,서울,서울 종로,68,677,689,24
2024-12-31,서울,서울 종로,69,756,731,16
2024-12-31,서울,서울 종로,70,568,589,18
2024-12-31,서울,서울 종로,71,474,495,9
2024-12-31,서울,서울 종로,72,489,489,8
2024-12-31,서울,서울 종로,73,269,296,11
2024-12-31,서울,서울 종로,74,283,327,12
2024-12-31,서울,서울 종로,75,274,344,8
2024-12-31,서울,서울 종로,76,218,330,12
2024-12-31,서울,서울 종로,77,234,302,3
2024-12-31,서울,서울 종로,78,149,233,4
2024-12-31,서울,서울 종로,79,105,194,6
2024-12-31,서울,서울 종로,80,105,185,1
2024-12-31,서울,서울 종로,81,71,158,7
2024-12-31,서울,서울 종로,82,66,149,5
2024-12-31,서울,서울 종로,83,61,159,11
2024-12-31,서울,서울 종로,84,50,94,2
2024-12-31,서울,서울 종로,85,34,86,2
2024-12-31,서울,서울 종로,86,26,89,2
2024-12-31,서울,서울 종로,87,18,66,0
2024-12-31,서울,서울 종로,88,22,60,0
2024-12-31,서울,서울 종로,89,12,36,0
2024-12-31,서울,서울 종로,90,10,43,2
2024-12-31,서울,서울 종로,91,7,28,1
2024-12-31,서울,서울 종로,92,6,23,1
2024-12-31,서울,서울 종로,93,4,16,0
2024-12-31,서울,서울 종로,94,2,6,0
2024-12-31,서울,서울 종로,95,2,11,0
2024-12-31,서울,서울 종로,96,4,9,0
2024-12-31,서울,서울 종로,97,1,6,0
2024-12-31,서울,서울 종로,98,0,2,0
2024-12-31,서울,서울 종로,99,8,14,0
2024-12-31,서울,서울 중구,16,0,1,1
2024-12-31,서울,서울 중구,17,0,3,3
2024-12-31,서울,서울 중구,18,15,36,3
2024-12-31,서울,서울 중구,19,68,160,5
2024-12-31,서울,서울 중구,20,123,293,3
2024-12-31,서울,서울 중구,21,136,369,11
2024-12-31,서울,서울 중구,22,216,477,7
2024-12-31,서울,서울 중구,23,304,662,18
2024-12-31,서울,서울 중구,24,364,935,9
2024-12-31,서울,서울 중구,25,381,968,15
2024-12-31,서울,서울 중구,26,427,1174,8
2024-12-31,서울,서울 중구,27,494,1301,14
2024-12-31,서울,서울 중구,28,566,1316,12
2024-12-31,서울,서울 중구,29,609,1438,10
2024-12-31,서울,서울 중구,30,755,1491,13
2024-12-31,서울,서울 중구,31,791,1460,4
2024-12-31,서울,서울 중구,32,887,1520,8
2024-12-31,서울,서울 중구,33,861,1401,7
2024-12-31,서울,서울 중구,34,813,1294,7
2024-12-31,서울,서울 중구,35,867,1198,8
2024-12-31,서울,서울 중구,36,823,1250,6
2024-12-31,서울,서울 중구,37,829,1053,4
2024-12-31,서울,서울 중구,38,795,1024,12
2024-12-31,서울,서울 중구,39,849,1010,6
2024-12-31,서울,서울 중구,40,773,921,7
2024-12-31,서울,서울 중구,41,935,944,6
2024-12-31,서울,서울 중구,42,888,883,5
2024-12-31,서울,서울 중구,43,961,824,8
2024-12-31,서울,서울 중구,44,885,859,2
2024-12-31,서울,서울 중구,45,843,748,5
2024-12-31,서울,서울 중구,46,748,716,10
2024-12-31,서울,서울 중구,47,725,740,6
2024-12-31,서울,서울 중구,48,741,677,10
2024-12-31,서울,서울 중구,49,756,714,6
2024-12-31,서울,서울 중구,50,834,755,10
2024-12-31,서울,서울 중구,51,827,804,11
2024-12-31,서울,서울 중구,52,867,851,11
2024-12-31,서울,서울 중구,53,1014,830,9
2024-12-31,서울,서울 중구,54,936,880,10
2024-12-31,서울,서울 중구,55,923,881,18
2024-12-31,서울,서울 중구,56,963,829,17
2024-12-31,서울,서울 중구,57,889,758,17
2024-12-31,서울,서울 중구,58,799,648,23
2024-12-31,서울,서울 중구,59,789,760,13
2024-12-31,서울,서울 중구,60,853,730,18
2024-12-31,서울,서울 중구,61,801,729,16
2024-12-31,서울,서울 중구,62,830,699,21
2024-12-31,서울,서울 중구,63,819,677,23
2024-12-31,서울,서울 중구,64,793,728,26
2024-12-31,서울,서울 중구,65,778,583,15
2024-12-31,서울,서울 중구,66,710,612,8
2024-12-31,서울,서울 중구,67,679,629,10
2024-12-31,서울,서울 중구,68,664,524,18
2024-12-31,서울,서울 중구,69,623,570,20
2024-12-31,서울,서울 중구,70,548,450,12
2024-12-31,서울,서울 중구,71,386,358,14
2024-12-31,서울,서울 중구,72,419,371,6
2024-12-31,서울,서울 중구,73,231,238,13
2024-12-31,서울,서울 중구,74,261,248,11
2024-12-31,서울,서울 중구,75,243,222,8
2024-12-31,서울,서울 중구,76,213,223,14
2024-12-31,서울,서울 중구,77,178,203,6
2024-12-31,서울,서울 중구,78,120,152,6
2024-12-31,서울,서울 중구,79,94,130,5
2024-12-31,서울,서울 중구,80,88,123,6
2024-12-31,서울,서울 중구,81,53,96,2
2024-12-31,서울,서울 중구,82,47,104,10
2024-12-31,서울,서울 중구,83,54,64,4
2024-12-31,서울,서울 중구,84,41,66,2
2024-12-31,서울,서울 중구,85,17,52,2
2024-12-31,서울,서울 중구,86,16,43,3
2024-12-31,서울,서울 중구,87,7,41,1
2024-12-31,서울,서울 중구,88,11,25,1
2024-12-31,서울,서울 중구,89,8,23,0
2024-12-31,서울,서울 중구,90,3,13,1
2024-12-31,서울,서울 중구,91,3,20,0
2024-12-31,서울,서울 중구,92,0,11,0
2024-12-31,서울,서울 중구,93,1,10,0
2024-12-31,서울,서울 중구,94,1,5,0
2024-12-31,서울,서울 중구,95,1,7,0
2024-12-31,서울,서울 중구,96,2,4,0
2024-12-31,서울,서울 중구,97,1,6,0
2024-12-31,서울,서울 중구,98,2,2,0
2024-12-31,서울,서울 중구,99,1,10,0
2024-12-31,서울,서울 중랑,16,0,11,11
2024-12-31,서울,서울 중랑,17,0,35,35
2024-12-31,서울,서울 중랑,18,68,108,25
2024-12-31,서울,서울 중랑,19,277,445,12
2024-12-31,서울,서울 중랑,20,456,660,16
2024-12-31,서울,서울 중랑,21,565,840,14
2024-12-31,서울,서울 중랑,22,647,1116,15
2024-12-31,서울,서울 중랑,23,873,1527,20
2024-12-31,서울,서울 중랑,24,1111,2022,30
2024-12-31,서울,서울 중랑,25,1196,2185,26
2024-12-31,서울,서울 중랑,26,1301,2481,19
2024-12-31,서울,서울 중랑,27,1553,2960,24
2024-12-31,서울,서울 중랑,28,1676,3062,30
2024-12-31,서울,서울 중랑,29,2082,3229,28
2024-12-31,서울,서울 중랑,30,2242,3287,25
2024-12-31,서울,서울 중랑,31,2374,3205,24
2024-12-31,서울,서울 중랑,32,2633,3021,20
2024-12-31,서울,서울 중랑,33,2525,2880,23
2024-12-31,서울,서울 중랑,34,2457,2467,16
2024-12-31,서울,서울 중랑,35,2373,2384,16
2024-12-31,서울,서울 중랑,36,2441,2138,18
2024-12-31,서울,서울 중랑,37,2319,2089,12
2024-12-31,서울,서울 중랑,38,2482,1903,12
2024-12-31,서울,서울 중랑,39,2557,1805,10
2024-12-31,서울,서울 중랑,40,2623,1727,14
2024-12-31,서울,서울 중랑,41,2739,1758,11
2024-12-31,서울,서울 중랑,42,3088,1877,9
2024-12-31,서울,서울 중랑,43,3151,1751,14
2024-12-31,서울,서울 중랑,44,3190,1730,16
2024-12-31,서울,서울 중랑,45,3050,1650,17
2024-12-31,서울,서울 중랑,46,2582,1379,17
2024-12-31,서울,서울 중랑,47,2845,1482,6
2024-12-31,서울,서울 중랑,48,2723,1349,16
2024-12-31,서울,서울 중랑,49,2762,1481,14
2024-12-31,서울,서울 중랑,50,2983,1635,22
2024-12-31,서울,서울 중랑,51,3178,1727,19
2024-12-31,서울,서울 중랑,52,3225,1726,19
2024-12-31,서울,서울 중랑,53,3627,1766,26
2024-12-31,서울,서울 중랑,54,3429,1764,20
2024-12-31,서울,서울 중랑,55,3458,1799,33
2024-12-31,서울,서울 중랑,56,3542,1722,33
2024-12-31,서울,서울 중랑,57,3330,1628,24
2024-12-31,서울,서울 중랑,58,3184,1523,38
2024-12-31,서울,서울 중랑,59,3250,1515,39
2024-12-31,서울,서울 중랑,60,3165,1599,38
2024-12-31,서울,서울 중랑,61,3019,1397,36
2024-12-31,서울,서울 중랑,62,3359,1559,37
2024-12-31,서울,서울 중랑,63,3444,1654,46
2024-12-31,서울,서울 중랑,64,3397,1488,49
2024-12-31,서울,서울 중랑,65,3155,1412,37
2024-12-31,서울,서울 중랑,66,2767,1342,40
2024-12-31,서울,서울 중랑,67,2684,1212,32
2024-12-31,서울,서울 중랑,68,2493,1078,36
2024-12-31,서울,서울 중랑,69,2413,1048,41
2024-12-31,서울,서울 중랑,70,2065,888,39
2024-12-31,서울,서울 중랑,71,1618,685,36
2024-12-31,서울,서울 중랑,72,1598,708,33
2024-12-31,서울,서울 중랑,73,1032,471,32
2024-12-31,서울,서울 중랑,74,1074,471,30
2024-12-31,서울,서울 중랑,75,867,438,30
2024-12-31,서울,서울 중랑,76,774,427,21
2024-12-31,서울,서울 중랑,77,665,416,20
2024-12-31,서울,서울 중랑,78,475,309,13
2024-12-31,서울,서울 중랑,79,327,236,11
2024-12-31,서울,서울 중랑,80,267,216,16
2024-12-31,서울,서울 중랑,81,243,208,17
2024-12-31,서울,서울 중랑,82,217,204,13
2024-12-31,서울,서울 중랑,83,152,156,12
2024-12-31,서울,서울 중랑,84,88,96,9
2024-12-31,서울,서울 중랑,85,62,89,3
2024-12-31,서울,서울 중랑,86,52,83,6
2024-12-31,서울,서울 중랑,87,24,68,7
2024-12-31,서울,서울 중랑,88,27,40,3
2024-12-31,서울,서울 중랑,89,14,29,2
2024-12-31,서울,서울 중랑,90,9,25,1
2024-12-31,서울,서울 중랑,91,5,18,2
2024-12-31,서울,서울 중랑,92,4,13,1
2024-12-31,서울,서울 중랑,93,1,7,0
2024-12-31,서울,서울 중랑,94,2,7,1
2024-12-31,서울,서울 중랑,95,3,6,0
2024-12-31,서울,서울 중랑,96,0,6,0
2024-12-31,서울,서울 중랑,97,1,1,0
2024-12-31,서울,서울 중랑,98,0,3,1
2024-12-31,서울,서울 중랑,99,8,7,1
